middle_name,count
thi,128101
,31622
van,31018
ngoc,20977
thanh,19927
minh,14627
thu,11874
thuy,11698
hoang,9268
hong,8858
phuong,7921
anh,7718
kim,7540
duc,6463
my,6144
nguyen,5907
quoc,5632
quang,5504
xuan,5110
dinh,4920
le,4426
huu,4245
khanh,4006
nhu,3557
quynh,3465
nhat,3442
bao,3433
viet,3381
cong,3292
hoai,3229
trung,3181
duy,3175
hai,3076
tran,3044
bich,2994
tuan,2977
thao,2896
huynh,2633
mai,2621
cam,2591
tien,2521
huyen,2490
yen,2478
trong,2477
ha,2427
tan,2415
kieu,2309
lan,2256
dang,2206
tuyet,1880
gia,1866
truong,1814
ba,1783
the,1753
thai,1721
manh,1667
huong,1608
huy,1572
vu,1524
thien,1497
chi,1491
tu,1483
linh,1467
dieu,1459
truc,1375
diem,1324
pham,1219
tuong,1071
phuc,979
tra,938
phuoc,933
vo,913
lam,873
phan,817
doan,731
phi,698
khac,696
duong,695
phu,641
to,640
a,623
vinh,612
ho,606
long,602
cao,591
nam,563
hieu,560
nhut,560
hung,555
y,542
trang,538
binh,530
hoa,516
dai,513
sy,508
an,504
uyen,504
ai,502
hien,498
do,486
chau,477
tung,452
ly,450
tri,445
que,431
bui,430
tieu,419
mong,417
hanh,414
nu,413
ngo,396
son,384
ngan,384
quy,378
nguyet,368
thuc,363
dong,335
hang,331
tam,327
t,316
tram,303
hue,299
luong,298
trieu,291
be,290
dac,279
nha,273
danh,272
dat,263
trinh,257
ky,256
kha,254
giang,252
dan,251
diep,244
mi,240
dao,240
vi,233
si,231
thuong,229
canh,226
phung,219
luu,216
nhan,212
nhi,202
tai,196
song,194
dung,193
nghia,193
vy,189
khai,188
bach,181
muoi,177
phong,177
quan,171
kien,170
tat,163
hoan,152
cat,152
vuong,148
quyen,145
phat,142
bang,141
ta,140
thang,137
oanh,136
hao,136
thach,135
boi,134
toan,132
thuan,132
duyen,123
tho,119
chung,117
han,116
ut,116
loc,114
nga,112
khoa,110
dien,108
h,105
cuong,105
quyet,96
da,94
loan,91
tuyen,90
hau,90
la,90
nhung,89
chien,88
chinh,87
lien,87
chan,86
lop,86
b,85
mot,84
tinh,84
hiep,81
khoi,79
khang,78
k,77
chanh,77
man,76
bac,74
di,70
na,69
than,67
sinh,67
khuong,67
suong,66
mau,65
du,65
sang,64
tue,64
va,63
buu,62
co,60
thoai,60
v,59
thy,59
that,59
n,58
tin,58
tang,58
ton,58
sa,56
ti,55
tham,55
thj,55
chuc,54
tong,54
lu,53
thii,53
thong,52
seo,50
su,50
qui,47
thieu,45
nang,45
dep,44
lai,44
ninh,44
lieu,43
thij,42
chuyen,42
ten,42
d,41
c,41
ma,41
thinh,40
hoc,39
sao,39
th,39
nho,39
dam,38
chu,38
giao,37
so,37
ni,36
u,36
cuc,36
p,34
hua,34
khong,34
nghiem,34
luc,33
nghi,33
chieu,33
ke,33
can,33
vien,31
ng,31
lang,29
thanhh,29
thua,28
thac,28
ndc,28
em,27
kinh,27
luan,27
min,27
cham,27
ny,26
kiem,26
cuu,26
m,26
ban,26
mac,25
bo,25
li,25
thpt,25
kiet,25
lap,25
thiet,25
loi,25
sieu,24
lao,24
lanh,24
bi,24
ca,24
tay,23
lac,23
bien,23
q,23
bat,23
may,23
uy,23
ty,23
sau,22
liem,22
nong,21
no,21
con,21
de,21
quach,21
che,20
diu,20
ka,20
thoi,20
bon,20
mo,20
minhh,20
pha,19
hi,19
e,19
rat,19
nhuan,18
vann,18
i,18
cu,18
hoanh,18
don,18
mnh,17
ngu,17
phoi,16
nuoch,16
giau,16
biet,16
dau,16
me,16
moc,15
ich,15
ki,15
rang,15
l,15
sam,14
triet,14
vui,14
cho,14
khia,14
khiet,14
thuyy,14
camtra,13
tiet,13
xinh,13
trai,13
thui,13
san,13
khue,13
vang,13
thin,13
chin,13
xa,13
chuong,13
hop,13
cung,13
thap,12
len,12
lo,12
cau,12
loong,12
qua,12
mu,12
gian,11
cua,11
ham,11
tich,11
ram,11
x,11
truyen,11
pat,11
bay,10
thom,10
au,10
yeu,10
thoa,10
xuyen,10
rong,10
pho,10
thuyen,10
buon,10
mui,10
hongg,10
thuu,10
ra,10
hoangg,10
chon,9
luyen,9
trug,9
thah,9
10,9
ro,9
tuy,9
nghiep,9
bong,9
ngyen,9
sanh,9
ong,9
anhh,9
tieng,9
trien,9
toc,8
linhd,8
trac,8
hoi,8
-,8
cha,8
tthi,8
mien,8
thich,8
men,8
t.,8
doanh,8
on,8
nhoc,8
cac,8
nie,8
ngoan,8
thiu,8
soc,8
nhuc,7
sung,7
xau,7
giai,7
kham,7
mao,7
thithu,7
nien,7
uc,7
phuon,7
g,7
xi,7
hu,7
quangg,7
gi,7
ngocj,7
khuc,7
hon,7
king,7
viett,7
ph,7
xu,7
lin,7
nhuoc,6
thiem,6
niem,6
quocc,6
se,6
xuong,6
kin,6
vawn,6
siu,6
by,6
quanh,6
bu,6
huan,6
po,6
thay,6
din,6
heo,6
lich,6
tt,6
uoc,6
trach,6
tha,6
nhon,6
ben,6
duoc,6
xe,6
o,6
phai,6
vet,6
nhien,6
gai,6
lamm,6
khoai,6
toai,6
khu,6
thithanh,6
ri,6
toi,6
te,6
haii,6
som,6
nuyen,6
xong,6
ding,6
cai,5
tor,5
nguen,5
am,5
s,5
lea,5
cute,5
quay,5
nan,5
tthu,5
tuoi,5
ngat,5
nguy,5
ku,5
oc,5
map,5
sai,5
xoan,5
ducc,5
sin,5
mach,5
mun,5
khuu,5
them,5
top,5
en,5
hy,5
nghuyen,5
diinh,5
hac,5
xanh,5
truongg,5
lay,5
love,5
khiem,5
phuongg,5
hog,5
lynh,5
tthanh,4
duuyy,4
ry,4
duuy,4
xuann,4
chiem,4
vaan,4
tron,4
and,4
cut,4
nghe,4
ao,4
vung,4
sac,4
mat,4
tranh,4
mua,4
qung,4
uong,4
sat,4
nuong,4
lee,4
muop,4
lum,4
tr,4
honng,4
lua,4
pheo,4
yenn,4
khanhh,4
tau,4
mang,4
jan,4
lung,4
thnh,4
hoag,4
luy,4
ling,4
tk,4
6quoc,4
chang,4
oi,4
ga,4
go,4
thithuy,4
doi,4
trungg,4
chuan,4
meo,4
hot,4
xin,4
say,4
noi,4
tru,4
trongg,4
banh,4
xieu,4
soi,4
miinh,4
phe,4
giap,4
ngann,4
dak,4
wy,3
dy,3
nhac,3
haa,3
bot,3
hat,3
hunh,3
lann,3
pro,3
chong,3
troc,3
lup,3
nham,3
thi.,3
he,3
xuaan,3
thuys,3
nhatt,3
vam,3
mah,3
ngao,3
then,3
km,3
fc,3
you,3
luat,3
hoaii,3
tthuy,3
viiett,3
khon,3
nao,3
thikieu,3
chim,3
huyn,3
rit,3
sim,3
phuog,3
aa,3
tap,3
soan,3
phien,3
huc,3
dip,3
thhi,3
lim,3
due,3
in,3
dit,3
truog,3
duyy,3
gam,3
nguye,3
dinhh,3
ver,3
puong,3
chua,3
ldb,3
khung,3
duan,3
ngocc,3
ji,3
tui,3
quoanh,3
ming,3
ne,3
quyn,3
khan,3
minnh,3
viem,3
thuyet,3
day,3
tao,3
tki,3
mih,3
xay,3
mimh,3
ung,3
biv,3
tot,3
tren,3
troi,3
thnah,3
tuann,3
diec,3
kanh,3
haong,3
rum,3
vay,3
pa,3
nguyenn,3
is,3
dop,2
are,2
hooang,2
trut,2
ngon,2
nguuyen,2
liet,2
nguon,2
bieu,2
huyenn,2
xuantay,2
young,2
hyen,2
nuoc,2
nhiem,2
lon,2
beo,2
thit,2
minhhh,2
cang,2
yang,2
lok,2
mlo,2
ken,2
hoongg,2
thji,2
non,2
nnguyen,2
this,2
thue,2
ju,2
vvan,2
pe,2
keu,2
quyng,2
zo,2
but,2
trii,2
n.,2
kun,2
minhn,2
mminh,2
ohan,2
noc,2
ngai,2
quangh,2
trum,2
aanh,2
or,2
chac,2
congg,2
kong,2
den,2
linda,2
nhau,2
cot,2
thung,2
yhi,2
gjang,2
muon,2
het,2
rec,2
ren,2
nngoc,2
ja,2
tuu,2
syeng,2
11b5,2
ngocthao,2
khah,2
trog,2
nhatj,2
dua,2
hiang,2
ngay,2
huoc,2
bcd,2
dinhg,2
tuc,2
muc,2
bai,2
tieen,2
im,2
ah,2
fuong,2
rin,2
ve,2
com,2
piu,2
tre,2
teo,2
suc,2
lenh,2
tamm,2
choi,2
ko,2
tsenh,2
thanhhh,2
munh,2
hay,2
chap,2
khau,2
pi,2
hhong,2
ria,2
deo,2
oh,2
sor,2
pu,2
phieu,2
un,2
uchiha,2
rach,2
t.phuong,2
ray,2
nat,2
krong,2
mar,2
ui,2
khuyen,2
thingoc,2
tae,2
hia,2
mt,2
sach,2
of,2
nguyeejt,2
dangg,2
gioi,2
qnh,2
cog,2
queens,2
menh,2
vie,2
hhoai,2
thih,2
moong,2
qoc,2
ay,2
yon,2
ngc,2
rung,2
tua,2
honggg,2
thiv,2
riu,2
thijthu,2
tht,2
126,2
haj,2
truy,2
cdn,2
trann,2
phuongw,2
bap,2
yun,2
vn,2
trangg,2
tanh,2
yu,2
bic,2
nhuyen,2
thamh,2
j,2
thees,2
thuat,2
thhuy,2
prong,2
dim,2
bel,2
abc,2
ru,2
chii,2
chay,2
myx,2
thaai,2
chhay,2
number,2
phoc,2
chet,2
thing,2
jas,2
ester,2
dannn,2
duca,2
chih,2
mri,2
wik,2
phuocc,2
khi,2
bua,2
11,2
bt,2
nhit,2
qang,2
trhi,2
denh,2
nhanh,2
ngocthu,2
thil,2
bbb,2
sum,2
sen,2
nhang,2
soo,2
tom,2
qaung,2
tranthi,2
quoang,2
nh,2
xan,2
bret,2
quag,2
ngocxx,2
lit,2
nthu,2
mia,2
cay,2
thikim,2
huye`n,2
re,2
true,1
mel,1
mink,1
voi,1
adfk,1
quyfng,1
hho,1
avn,1
za,1
kanhs,1
phamthanh,1
cucthai,1
diien,1
angoc,1
phen,1
pam,1
hoaithu,1
thibich,1
zasr,1
ducb,1
phuopng,1
tuye,1
hun,1
phu',1
cing,1
3,1
bau,1
phamthuy,1
cama,1
lhoang,1
lnhu,1
dng,1
trg,1
nin,1
thuyyy,1
triien,1
vmai,1
tv,1
gsg,1
bick,1
hee,1
nhue,1
mha,1
clark,1
vs,1
nau,1
moku,1
jem,1
nhutt,1
/thi,1
marie,1
ruc,1
10a5,1
roi,1
bitch,1
gao,1
hanhh,1
doen,1
vans,1
nuin,1
ronaldinho,1
nguyeen,1
thhanhh,1
pul,1
hatake,1
thiji,1
thi.hong,1
qo,1
rai,1
niep,1
vav,1
traam,1
chanhh,1
nhy,1
mfhd,1
xoi,1
namnhi,1
ngojc,1
kimt,1
conh,1
ginh,1
ngocquynh,1
phut,1
a2,1
cos,1
thoj,1
tienb,1
gang,1
hoafng,1
phhuong,1
askjdaskld,1
kal,1
zdenh,1
sak,1
trruong,1
trongj,1
chauu,1
phuonh,1
rim,1
liu,1
gar,1
ngung,1
(quyet,1
truon,1
yo,1
rapper,1
nuen,1
daon,1
best,1
kathy,1
nhuyet,1
gianh,1
tvt,1
trat,1
tanthanh,1
juj,1
ninhdung,1
world,1
phuowcs,1
nil,1
6lam,1
huy's,1
hach,1
asjkldfh,1
thth,1
hhu,1
teng,1
hung(thcs,1
biu,1
doai,1
gen,1
tkanh,1
thyen,1
tit,1
vuot,1
let,1
ruong,1
17082000,1
jsgsg,1
ghi,1
voo,1
mhinh,1
doa,1
moul,1
cuot,1
nd,1
thyi,1
tarius,1
bep,1
phuongthao,1
det,1
tha\nh,1
iihat,1
jr,1
unbeaten,1
viiet,1
trunq,1
da\o,1
asfaafe,1
one,1
dia,1
thio,1
fantasic,1
trun,1
trrong,1
aone,1
vab,1
quyfnh,1
10a4,1
pich,1
veen,1
andri,1
hieuu,1
mrao,1
thitruc,1
vanthanh,1
jgjhgh,1
di`nh,1
mung,1
buc,1
hoaang,1
too,1
lngoc,1
thidung,1
roen,1
med,1
gs,1
xeo,1
quiang,1
duytruong,1
hoq,1
iet,1
hieeu,1
myeon,1
minhv,1
yet,1
nhuy,1
xiem,1
dsd,1
ttrung,1
thok,1
mjnh,1
quanggg,1
ho\ng,1
tam.,1
suu,1
chuk,1
dl,1
vun,1
rfyrm,1
never,1
biii,1
muoc,1
nguyenthanh,1
gre,1
chelsea,1
ngoctuyet,1
quac,1
phay,1
loang,1
dg,1
myyy,1
dfb,1
noa,1
xo,1
savane,1
duongnhat,1
thikhanh,1
tem,1
tak,1
lg,1
nguyenx,1
thasnh,1
footbal,1
tion,1
rojskjaer,1
theh,1
nac,1
honq,1
ll,1
miu,1
phy,1
venh,1
milan,1
djap,1
diam,1
lau,1
fs,1
giaa,1
nkim,1
guyen,1
chiec,1
baio,1
noai,1
some,1
kang,1
laam,1
triec,1
hienn,1
phuonv,1
rieu,1
6khanh,1
vao,1
nah,1
tgij,1
pit,1
bih,1
trunh,1
luoi,1
viec,1
xiu,1
huoi,1
ney,1
vu~,1
tris,1
k.,1
buong,1
ye'n,1
hoac,1
vem,1
trankhanh,1
dot,1
ruoi,1
khuan,1
10b5,1
hoong,1
annh,1
natsu,1
pir,1
conng,1
my~,1
huyanh,1
ab,1
thuog,1
baao,1
mir,1
chat,1
12a3,1
moob,1
vuu,1
rau,1
duyv,1
brong,1
chie,1
bam,1
truoc,1
khoan,1
tij,1
huynhthao,1
nhin,1
bvi,1
ahh,1
hoiaf,1
ngguyen,1
muu,1
bjj,1
chech,1
hoonng,1
dung(,1
cad,1
fu,1
athi,1
dem,1
qn,1
jonmg,1
senh,1
doananh,1
tos,1
nheo,1
nmgoc,1
iu,1
quo'c,1
nuoh,1
va^n,1
ghik,1
thaio,1
tha'i,1
moon,1
1,1
thifk,1
mylinh,1
thihong,1
ven,1
duyenn,1
hc,1
hoangtruong,1
nguyen.,1
name,1
chane,1
safi,1
yiep,1
uyennn,1
xuon,1
sdg,1
thnanh,1
hofng,1
thanhb,1
huog,1
student,1
tuoc,1
las,1
mm,1
dhl,1
jimy,1
tuog,1
kni,1
2,1
quuang,1
sky,1
qquang,1
bluyen,1
tquynh,1
tvc,1
hec,1
pur,1
liong,1
hiieu,1
huus,1
hoangthao,1
lyn,1
buoc,1
ngocnngan,1
nghinh,1
fdgdf,1
syl,1
nghie,1
yi,1
super,1
thv,1
tuet,1
a3,1
lida,1
mor,1
quyh,1
teu,1
uduy,1
mnah,1
10.9,1
infinite,1
keny,1
linhh,1
lying,1
axa,1
longlop,1
honag,1
toann,1
xuaand,1
(tm),1
sun,1
khem,1
nem,1
lyy,1
puoc,1
mich,1
xam,1
khhanh,1
suy,1
phammm,1
anhn,1
nua,1
dzoan,1
nhoa,1
ngiuyen,1
trongnghia,1
rac,1
khacn,1
quyhf,1
myol,1
doann,1
nuyt,1
traa,1
qunag,1
football,1
tthij,1
phach,1
thanhthuy,1
khuat,1
sot,1
ta^n,1
myduc,1
ngoc.viet,1
huyfnh,1
ngol,1
chhai,1
taun,1
t.kim,1
tranthien,1
line,1
ad,1
nhong,1
thiithai,1
zac,1
thicam,1
nguyyen,1
ghet,1
thibe,1
bii,1
ci,1
thaanh,1
truyet,1
duyet,1
phiz,1
neh,1
hoa`i,1
tjhao,1
d6k9,1
phuowng,1
1o.6,1
voan,1
sui,1
11c2,1
diet,1
quyang,1
nhel,1
tuuan,1
puang,1
nhii,1
bale,1
inh,1
naam,1
quangthanh,1
nek,1
dungs,1
xuy,1
hinh,1
thijthanh,1
.,1
kia,1
teen,1
hihuggkh,1
quna,1
thuiy,1
yami,1
ttong,1
',1
quen,1
khanhphan,1
tronhj,1
tian,1
wel,1
zan,1
123456789duong,1
bichh,1
ngoc.,1
thitthu,1
hoang's,1
ngoduy,1
yennn,1
uyenn,1
thanhn,1
doc,1
soa,1
phii,1
tac,1
ngocanh,1
ttrhanh,1
jud,1
kho,1
trumm,1
muy,1
ngocx,1
see,1
wei,1
ttri,1
iibii,1
khe,1
tuongggggg,1
huye,1
yoi,1
vuc,1
thptvl,1
thuyr,1
vieet,1
vahn,1
anhs,1
tuonggg,1
trab,1
will,1
quy\nh,1
nuot,1
duye,1
tqq,1
"dat,",1
tbich,1
hongf,1
maii,1
khay,1
chuoi,1
bup,1
thydiem,1
vinhx,1
thuyv,1
canhh,1
duom,1
test,1
xia,1
gold,1
suil,1
ngueen,1
vai,1
tiep,1
quynyh,1
cap,1
thile,1
asd,1
hoang(2),1
dfdf,1
tran`,1
haoi,1
kuanh,1
vuon,1
huyy,1
phit,1
nhiet,1
sron,1
lih,1
enu,1
trau,1
ianh,1
nay,1
ttt,1
revice,1
vand,1
lhi,1
ngothuy,1
the^',1
hoaong,1
manhh,1
fssgs,1
ye,1
khene,1
vian,1
neu,1
ngim,1
tyen,1
vietj,1
dieuj,1
thitra,1
thjanh,1
xac,1
riam,1
ruot,1
hnh,1
jong,1
mera,1
hoanng,1
nim,1
dduwsc,1
danng,1
ngyet,1
bbich,1
phuonq,1
hh,1
jack,1
class,1
haf,1
thuwongj,1
aksjdlaksjd,1
xuant,1
hhh,1
nguyentruong,1
quaang,1
suoi,1
thieng,1
nen,1
vawnm,1
bilek,1
ngin,1
max,1
moq,1
quaqng,1
khat,1
xao,1
mon,1
nguyentrung,1
quoc's,1
hiu,1
muoik,1
vong,1
ttrong,1
dbf,1
quynhv,1
duc-lop,1
gu,1
sre,1
vannn,1
(b),1
cuoi,1
dep's,1
bec,1
punh,1
dang_,1
khieu,1
hkt,1
linhda,1
thiy,1
nguyenthi,1
khenh,1
biang,1
phanh,1
dangtuan,1
khin,1
vuhoai,1
wa,1
drong,1
hoaig,1
johnny,1
th.,1
mieu,1
lena,1
thik,1
lhp,1
wan,1
jang,1
dinht,1
trag,1
khuyenh,1
ajsd,1
nguyuen,1
chevalier,1
sanu,1
uu,1
thanb,1
tunhf,1
seung,1
vit,1
ducs,1
quyt,1
pphan,1
nghen,1
dinmh,1
thienlong,1
nui,1
ltrong,1
tihi,1
nnhut,1
holai,1
melly,1
lpo,1
muong,1
did,1
linl,1
tuang,1
nghich,1
phim,1
honh,1
yeens,1
camm,1
xua,1
yong,1
phuoclam,1
ngockim,1
vohoang,1
yom,1
nguyenvan,1
tranv,1
wen,1
khun,1
thoang,1
tro,1
ln,1
pari,1
via,1
khuoc,1
thanhhhh,1
thuyn,1
chao,1
guy,1
thug,1
dziem,1
traan,1
nmgft,1
trran,1
kuin,1
phc,1
vip,1
phao,1
eng,1
thiin,1
haha,1
xung,1
ngocn,1
truuc,1
ddai,1
kcanh,1
fuck,1
myc,1
quangminh,1
12a2,1
duyh,1
kimm,1
dkfdfg,1
quand,1
thihuynh,1
paul,1
vanm,1
kuyn,1
dog,1
trunng,1
soong,1
baoo,1
ranh,1
vk,1
trui,1
hoa`ng,1
yuan,1
lun,1
ngocthuy,1
thanhcltt,1
rot,1
ouoc,1
iii,1
thuel,1
maimai,1
high,1
trin,1
tuon,1
huuvthaiv,1
hieua,1
hoanggg,1
bim,1
gon,1
sdgsdg,1
ninhthidng,1
l.anh,1
baor,1
xich,1
phap,1
yhij,1
nigo,1
huuu,1
manj,1
vawb,1
giac,1
hongh,1
ya,1
nhug,1
xun,1
huen,1
llinh,1
thiec,1
lamthuy,1
quamg,1
sg,1
chiu,1
thi.thu,1
die~m,1
tuongg,1
ghe,1
phui,1
treu,1
ngooc,1
tiien,1
grain,1
hynh,1
tbu,1
myv,1
duongw,1
pao,1
onn,1
hit,1
fourty,1
cil,1
hoe,1
truic,1
kwang,1
ngpcj,1
cun,1
trng,1
tim,1
coong,1
njong,1
tp,1
nino,1
thib,1
luyn,1
trsn,1
zhi,1
ck,1
thaoo,1
cr,1
tranquang,1
qu,1
nguyennguyen,1
lydy,1
lle,1
quanq,1
rieng,1
mek,1
blin,1
oanhh,1
xuxi,1
gdgd,1
for,1
huyenh,1
khar,1
10a2,1
baek,1
uyn,1
corbin,1
hotuan,1
phuuc,1
