school,count
THPT Nguyễn Đình Chiểu,9652
THPT Thái Hoà,4800
THPT Lê Hồng Phong,4174
THPT  Huỳnh Ngọc Huệ,3749
THPT Nguyễn Trãi,3637
THPT Hà Huy Tập,2982
THPT Trần Hưng Đạo,2829
THPT Trần Phú,2730
THPT Nguyễn Huệ,2659
THPT Thuận Thành 1,2443
THPT Nguyễn Chí Thanh,2402
THPT Phan Đăng Lưu,2378
THPT Mạc Đĩnh Chi,2192
THPT Nguyễn Thị Minh Khai,2152
THPT   Sào Nam,2148
THPT Gia Bình 1,2084
THPT Phan Châu Trinh,2077
THPT Nguyễn Hiền,2056
THPT Lý Tự Trọng,1946
THPT Lương Tài 1,1922
THPT Tây Hiếu,1919
THPT Phan Đình Phùng,1884
THPT Đức Trọng,1865
THPT Hoàng Văn Thụ,1817
THPT Quỳnh Lưu 1,1803
THPT Trần Khai Nguyên,1722
THPT chuyên Lê Quý Đôn,1697
THPT Quế Võ 1,1679
THPT Ngô Quyền,1676
THPT  Nguyễn Huệ,1590
THPT Cẩm Phả,1543
THPT Hoàng Hoa Thám,1539
THPT Thái Phiên,1528
THPT Lê Quảng Chí,1516
THPT  Trần Phú,1512
THPT Phan Ngọc Hiển,1482
THPT Hai Bà Trưng,1462
THPT Lê HồngPhong,1443
Trường THPT Chuyên Hùng Vương,1438
THPT Chu Văn An,1420
THPT Chuyên Nguyễn Du,1420
THPT Quỳnh Lưu 4,1394
THPT Tăng Bạt Hổ,1388
THPT Nghi Lộc 2,1375
THPT Nam Đàn 1,1372
THPT Trần Đại Nghĩa,1322
THPT Quang Trung,1319
THPT Lộc Phát - Bảo Lộc,1318
THPT Nghi Xuân,1311
THPT Lê Viết Thuật,1303
THPT Lê Hoàng Chiếu,1297
THPT Lê Quý Đôn,1294
THPT Lưu Tấn Phát,1286
THPT Đặng Thai Mai,1278
THPT Mai Thanh Thế,1272
THPT Lương Thế Vinh,1266
THPT Huỳnh Thúc Kháng,1265
THPT Phạm Hồng Thái,1264
THPT Nguyễn Văn Trỗi,1248
THPT Nguyễn Thái Bình,1234
THPT A Hải Hậu,1234
THPT Nam Sách,1207
THPT Nhân Chính,1199
"THPT Lưu Nhân Chú, Đại Từ",1193
THPT Lương Phú,1181
THPT Nguyễn Trường Tộ,1173
THPT Phạm Phú Thứ,1172
THPT Thanh Khê,1172
THPT số 1 Bảo Yên,1162
THPT Phan Việt Thống,1154
THPT Thái Lão,1143
THPT Tiên Lãng,1139
THPT Trần Quốc Tuấn,1138
THPT   Hiệp Đức,1133
THPT Thủ Khoa Nghiã,1095
THPT Nguyễn Công Trứ,1086
THPT Kim Xuyên,1081
THPT  Chuyên Quốc Học,1072
THPT Thiên Hộ Dương,1072
THPT Phú Bài,1071
THPT Chuyên Nguyễn Trãi,1066
THPT Hoàng Diệu,1057
THPT Đông Triều,1009
THPT Hồng Bàng,1007
THPT Tây Ninh,1006
THPT  Đỗ Đăng Tuyển,1004
THPT Nguyễn Trung Trực,999
THPT TX Cửa lò,992
THPT Cao Thắng,983
THPT Tây Thạnh,983
THPT Thanh Chương 3,977
THPT số 1 Bố Trạch,964
THPT Nghèn,957
THPT Nam Đàn 2,954
THPT số 2 Bảo Yên,948
THPT Chuyên Nguyễn Tất Thành,947
THPT Bình Giang,938
THPT Kỳ Sơn,937
THPT Số 2 Phù Mỹ,934
THPT Nguyễn Văn Cừ,931
THPT Quỳ Châu,927
THPT Vĩnh Bình,922
THPT Lý Thường Kiệt,920
THPT Trường Chinh,910
THPT Việt-Đức,902
THPT Mỹ Thọ,898
THPT Tiểu Cần,898
THPT Thốt Nốt,896
THPT Cây Dương,894
Trường THPT Trường Chinh,892
THPT An Lương,880
THPT Nguyễn Hữu Quang,873
THPT Hoàng Mai,866
THPT Hùng Vương,860
THPT số 3 Bố Trạch,856
THPT chuyên Hoàng Lê Kha,850
THPT Ngô Gia Tự,848
THPT Sơn Dương,827
THPT Tân Châu,825
THPT Trần Nguyên Hãn,815
THPT Tuần Giáo,813
THPT Nguyễn Du,811
THPT Tháp Mười,810
THPT Tân Kỳ,810
THPT Cửa Lò 2,805
THPT Trần Văn Thời,800
TTGDTX Đô Lương,793
THPT Phú Bình,793
THPT Sông Lô,789
THPT Kim Thành,788
THPT  Lê Trung Kiên,782
THPT Thác Bà,781
THPT Phú Điền,780
THPT Số 1 Tuy phước,778
THPT Nguyễn Văn Linh,766
THPT Lê Qúy Đôn,760
THPT Vinh Xuân,755
THPT Chuyên Nguyên Đình Chiêu,754
THPT Nam Sách II,746
THPT Sông Công,745
THPT C Kim Bảng,742
THPT Dương Minh  Châu,735
THPT 1/5,715
THPT Thị xã Quảng Trị,713
THPT Ngô Sỹ Liên,701
THPT  Tứ Kiệt,700
THPT Bắc Thăng Long,697
THPT Vị Thanh,694
THPT Dân tộc nội trú Tỉnh,694
THPT Nguyễn Diêu,693
THPT Chuyên Lê Quý Đôn,691
THPT Anhxtanh,688
THPT - Hoàng Hoa Thám - Lệ Thủy,687
THPT Lộc Thành -Bảo Lâm,683
THPT Lộc Hưng,681
THPT Tân Hưng,680
THPT Tân Yên 1,678
THPT Trần Quốc Đại,667
THPT Chuyên Chu Văn An,665
THPT Thuận Hưng,658
THPT Vũng Tàu,657
THPT Nguyễn Hữu Cảnh,656
THPT Lê Duẩn,656
THPT Tân Hà -Lâm Hà,647
THPT Nam Kỳ Khởi Nghĩa,646
THPT Thuận An,645
THPT  Xuân Đỉnh,643
THPT Đường An,643
THPT Huỳnh Tấn Phát,643
THPT Phan Thanh Giản,642
Trường THPT Yển Khê,640
THPT Bình Dương,638
THPT  Lê Qúy Đôn,625
THPT Bắc Bình,623
THPT Nguyễn Khuyến,621
THPT Hồng Đức,616
THPT Vũ Tiên,596
THPT Chuyên Nguyễn Huệ,596
THPT  chuyên  Long An,594
THPT Hà Lang,590
THPT Nguyễn Văn Tiếp,584
THPT Tam Giang,581
THPT Thiều Văn Chỏi,580
THPT Việt Nam-Ba Lan,569
THPT Hương Vinh,565
THPT Bùi Thị Xuân,562
THPT Quỳnh Lưu 2,559
THPT Chuyên Bắc Ninh,558
THPT Phạm Văn Đồng,553
THPT Đốc Bình Kiều,552
THPT số 3 Tuy Phước,545
THPT Hương Sơn,544
THPT Nguyễn Ngọc Thăng,535
THPT Ng Trung Ngạn,531
THPT Châu Văn Liêm,529
THPT Lệ Thủy,528
THPT Quảng Hà,528
THPT Nguyễn Bỉnh Khiêm,528
THPT Trần Quang Khải,527
THPT DTNT Kontum,527
THPT Xuân Huy,527
Trường Phổ thông Dân tộc nội trú THPT tỉnh Tuyên Quang,523
THPT Nguyễn Sinh Cung,523
THPT   Nông Sơn,521
THPT Phổ Yên,521
THPT Uông Bí,521
THPT Đông Hiếu,518
THPT Chuyên Nguyễn Chí Thanh,517
Trường THPT Việt Trì,515
THPT Phong Điền,515
THPT-DL Nguyễn Thiện Thuật,511
THPT  Chu Văn An,506
THPT Hương Trà,506
THPT Trần Hưng Đạo - Lệ Thủy,501
THPT Hòn Gai,500
THPT Võ Thị Sáu,498
THPT Nguyễn Minh Quang,497
THPT Trần Văn Kỷ,497
THPT Số 2 Phù Cát,497
THPT Nghi Lộc 3,496
THPT Diễn Châu 4,494
Trường THPT Vũ Thê Lang,493
THPT Trần Nhân Tông,492
THPT chuyên Lê Hồng Phong,490
THPT Phan Thành Tài,489
THPT Phan Bội Châu,487
THPT Bắc Sơn,485
THPT Sơn Nam,482
THPT Cẩm Lý,482
THPT Nghi Lộc 4,481
Trường THPT Hoàng Hoa Thám,480
THPT Tân Kỳ 3,479
THPT Lê Lợi,478
THPT BC Chu Văn An,477
THPT Đô Lương 3,474
THPT Phan Văn Trị,471
THPT Cư M'Gar,470
THPT Chuyên Hạ Long,461
THPT Nam Đông,460
THPT Đặng Thúc Hứa,457
THPT Trung Văn,457
THPT Bùi  Hữu Nghĩa,455
THPT Cẩm Thuỷ 3,452
THPT Nguyễn Trí Thanh,448
THPT Tố Hữu,447
THPT Cẩm Giàng,447
THPT Bình Thạnh,443
THPT Chuyên,440
THPT Chuyên Trần Phú,439
THPT Số 2 Tuy phước,438
THPT Việt Bắc,435
THPT số 2 Bảo Thắng,434
THPT Trần Phú -Đà Lạt,433
THPT Kỳ Anh,433
THPT Hòa Bình,432
THPT Chợ Gạo,432
THPT Cẩm Thuỷ 1,430
THPT Nguễn Trung Trực,428
THPT  Trảng Bàng,427
THPT Huỳnh Văn Nghệ,424
THPT Châu Thành,422
THPT Nho Quan C,421
THPT   Nam Giang,421
THPT Quốc Thái,420
THPT Chuyên Biên Hòa,412
THPT  Trần Suyền,412
THPT Minh Hóa,412
THPT Phong Phú,411
THPT Ngô Mây,408
THPT chuyên Lê Thánh Tông,407
THPT Hoàng Quốc Việt,406
THPT Nghi Lộc 1,406
THPT Quỳnh Lưu 3,406
THPT DL Nguyễn Trường Tộ,402
THPT Tân Phú,400
THPT B Hải Hậu,399
THPT Đinh Bạt Tụy,399
THPT Đan Phượng,396
THPT Nguyễn Thái Học,395
THPT Phan Chu Trinh,395
THPT Quế Phong,393
THPT Thới Long,389
THPT DTNT Đắk Hà,389
THPT Đốc Binh Kiều,388
THPT Xuân Hòa,386
THPT Hà Trung,382
THPT Tán Kế,382
THPT  Nguyễn Văn Thìn,381
THPT Đồng Bành,381
THPT Dân tộc Nội trú Tỉnh,380
THPT Long Khánh A,379
THPT Gò Công,379
THPT Nguyễn An Ninh,376
THPT Hàm Thuận Nam,374
THPT Cần Thạnh,370
THPT TRUNG VĂN,368
TTGDTX H. Yên Dũng,367
THPT B Kim Bảng,366
THPT Thanh Chương 1,364
THPT công lập Thành Sen,363
THPT Kim Liên,363
THPT  Phan Bội Châu,360
THPT ỷ La,359
THPT Đống Đa,358
THPT DTNT Tỉnh 1,354
TT GDTX Nam Sách,353
THPT Đồng Lộc,351
THPT Chuyên TG,351
THPT Chuyên tỉnh Tuyên Quang,350
THPT Bình Điền,349
THPT Quốc học,348
TTGDTX Mỹ Tho,346
THPT Ngũ Hành Sơn,342
THPT Đức Hòa,342
THPT Vĩnh Lộc,341
THPT Cao Lộc,341
THPT Cầu Giấy,337
THPT Krông Nô,335
THPT Nguyễn Hùng Sơn,334
THPT Bình Yên,332
THPT An Lão,331
TT GDTX - HN - DN Chí Linh,331
TT GDTX Thanh Hà,330
THPT Ninh Châu - Quảng Ninh,329
THPT Hưng Đạo,327
THPT Cẩm Lệ,326
THPT Chuyên Vị Thanh,325
PT Dân tộc Nội trú tỉnh TN,325
THPT Nguyễn Đức Mậu,324
THPT Võ Trường Toản,324
THPT Hồng Quang,322
THPT Hương Khê,321
Trung tâm GDTX Mỏ Cày Bắc,320
THPT số 2 Bố Trạch,319
THPT Vĩnh Thạnh,318
THPT Thanh Oai B,316
THPT Yên Ninh,314
THCS & THPT Bình Thạnh Trung,313
"THPT Trần Phú ,  Võ Nhai",312
THPT Quy Nhơn,308
THPT Long Hiệp,306
THPT Đông Thọ,305
THPT Nguyễn Thị Bích Châu,304
THPT Quảng Xương 4,304
THPT  Kontum,304
THPT Giao Thuỷ A,303
Trường THPT Ngã Năm,302
THPT BC Thanh Chương + TTGDTX Thanh Chương,301
THPT Thủ Khoa Huân,300
THPT  Ischool,297
THPT Liên chiểu,296
THPT  Nguyễn Khuyến,291
THPT Đô Lương 4,291
THPT Như Thanh,289
THPT DL Sào Nam,289
THPT Vũ Văn Hiếu,286
THPT Hàn Thuyên,283
THPT Tịnh Biên,282
THPT Hàng Hải,282
THPT Trần Quang Diệu,282
THPT Nam Lý,281
THPT Phước Thạnh,278
THPT Số 1 Phù Mỹ,278
THPT Ngô Văn Cấn,275
THPT DTNT Tỉnh 2,275
THPT  Đặng Trần Côn,275
THPT Trương Định,274
THPT Đô Lương 1,274
THPT Bắc Kiến Xương,273
THPT DTNT Quỳ Hợp,273
THPT Minh Quang,273
THPT Hòa Vang,271
THPT Thanh Hà,271
THPT Đại Từ,270
THPT Hương Lâm,270
THPT Hermann Gmeiner,270
THPT Bình Liêu,269
Trường THPT Hương Cần,269
THPT Chi Lăng,269
THPT Nguyễn Thần Hiến,268
THPT Chuyên Bến Tre,267
Trường THPT Quỳnh Nhai,266
THPT Đồng Gia,265
THPT Bình Minh,263
Trường THPT Ung Văn Khiêm,262
THPT Kim Bình,260
Trường THPT Mạc Đĩnh Chi,260
THPT Đông Thạnh,258
THPT Nguyễn Văn Huyên,257
THPT Lý Thái Tổ,256
THPT Hai Bà Trưng-Thạch Thất,255
THPT Gia Viễn B,252
THPT Lạc Long Quân,252
TTGDTX- KTHN H. Tân Uyên,250
THPT Hoa Sen,250
THPT Hải Lăng,248
THPT Chuyên Phan Ngọc Hiển,247
THPT Chuyên Lý Tự Trọng,246
THPT BC Cát ngạn,246
THPT Kim Thành II,246
THPT Lương Văn Tri,246
THPT Anh Sơn 2,245
THPT Lý Chính Thắng,245
THPT Thịnh Long,245
Trường THPT Pleiku,244
THPT Thành phô Cao Lãnh,244
THPT Anh Sơn 1,244
THPT Nguyễn Trân,244
THPT Bình Thủy,243
THPT Tân Long,243
THPT Thanh Oai A,242
THPT Thanh Bình 1,240
THPT B Duy Tiên,240
THPT Đông Thành,239
THPT Thủ Đức,239
THPT Nguyễn Văn Tăng,239
THPT Nguyễn Hữu Thọ,239
THCS và THPT Dương Văn An,237
THPT Yên Mô B,235
THPT Bất Bạt,234
THPT Hoàng HoaThám,233
THPT Cao Lãnh 1,230
THPT Bình Khánh,229
THPT Triệu Phong,229
THPT Ba Vì,227
THPT Phú Thạnh,226
THPT Bắc Trà My,226
THPT Thiệu Hoá,223
THPT Vị Thủy,222
THPT Mỹ Đức C,222
THPT  Lương Thế Vinh,221
THPT Tôn Đức Thắng,221
THPT Đông Anh,221
THPT Vĩnh Tường,220
THPT Số 1 Phù Cát,219
THPT Lương Ngọc Quyến,219
THPT Đô Lương 2,219
THPT Cần Giuộc,218
THPT  Trần Đại Nghĩa,218
TTGDTX Hoà Thành,217
THPT Yên Hoà,216
THPT Lê Hữu Trác,214
THPT Nguyễn Du -Bảo Lộc,213
THPT Lê Trực - Tuyên Hóa,212
Trường THPT Nguyễn Văn Hưởng,210
THPT Hồng Vân,210
THPT Cẩm Xuyên,209
THPT Vĩnh Hải,209
THPT Mông Dương,209
THPT Dương Đình Nghệ,207
THPT Lương Thế Vinh-Ba Vì,207
THPT Diễn Châu 3,207
THPT Công Nghiệp,205
THPT Tân Đông,204
THPT Phả Lại,203
"THPT Hoàng Quốc Việt, Võ Nhai",203
THPT Phạm Công Bình,203
THPT Thuận Hòa,202
THPT Trần Văn Thành,202
THPT Liên Hà,202
THPT Lương Định Của,202
THPT Bạch Đằng,200
THPT Tháng 10,200
THPT  Trần Văn Kiết,197
THPT Lê Xoay,197
THPT Mỹ Hào,196
THPT  Lê Quý Đôn,195
THPT Ba Hòn,195
THPT Tân Túc,195
THPT Nguyễn Viết Xuân,195
THPT Ngô Quyền-Ba Vì,194
THPT Số 3 An Nhơn,193
THPT Thạnh Tây,193
THPT Lộc An -Bảo Lâm,192
THPT Bắc Kạn,190
TTGDTX Diễn Châu,190
THPT Mỹ Xuyên,189
THPT Dầu Tiếng,189
THPT Hà Văn Mao,189
THPT A Lưới,188
THPT Thái Nguyên,187
THPT Trưng Vương,187
THPT Thạch Thành 4,185
THPT Việt Nam - Ba Lan,185
THPT Cẩm Thuỷ 2,185
THPT Hồng Thái,184
Trường THPT Thanh Sơn,184
THPT Hải An,184
THPT Tân Bình,183
THPT Văn Lãng,183
THPT Võ Minh Đức,181
TTGDTX H. Phổ Yên,180
THPT C Phủ Lý,180
THPT Chuyên Bình Long,180
THPT Hậu Lộc 2,178
THPT số 2 Bắc Hà,177
Trường THPT Công nghiệp Việt Trì,177
THPT Quỳ Hợp 1,176
THPT Lê Quý Đôn-Hà Đông,176
THPT Trần Văn Giàu,174
THPT Bắc Yên Thành,174
THPT Trần Nhật Duật,174
Trường  THPT Di Linh,173
Trường THPT Trần Phú,172
THPT Chuyên (Năng khiếu),172
THPT Hoàng Lệ Kha,172
THPT C Bình Lục,171
THPT Xuân Diệu,171
THPT Đồng Đậu,170
THPT Huỳnh Văn Sâm,170
THPT Bác ái,169
THPT Cổ Loa,169
THPT Hòa Phú,169
THPT Bãi Cháy,169
THPT Lạc Thuỷ A,168
THPT Số 1 An Nhơn,167
THPT Lưu Văn Việt,167
THPT Duy Tân,167
THPT Phú Hòa,165
THPT C Thanh Liêm,164
THPT Lê Văn Phẩm,164
TT GDTX Lâm Đồng,164
THPT Tánh Linh,164
THPT Con Cuông,164
THPT Trần Thị Tâm,162
"THPT Điềm Thuỵ, Phú Bình",161
THPT Tam Đảo,161
THPT Bình Sơn,161
THPT  iSCHOOL Long  An,160
THPT Hòa Đa,158
THPT Hoài Đức A,158
THPT Chuyên Bắc Giang,158
THPT Chuyên Phan Bội Châu,158
TTGDTX H. Định Hoá,157
THPT Đại An,157
THPT Phan Thúc Trực,157
THPT Nguyễn Văn Hai,157
THPT Kiến Tường,157
TTGDTX Quận 12,155
THPT Thạch Thất,155
THPT Hàm Yên,155
THPT DL Her Man,155
THPT Số 1 Bát Xát,155
THPT Trần Văn Ơn,154
THPT Krông Bông,154
THPT Vân Nham,153
THPT Trà Bồng,153
TTGDTX Quảng Điền,152
THPT Số 3 Phù Cát,152
Trường THPT Yên Lập,150
THPT Cô Tô,150
Dân Lập Hermann Gmeiner,149
THPT A Bình Lục,148
THPT A Kim Bảng,147
THPT Gang Thép,147
Trường THPT Mộc Lỵ,147
THPT Cờ Đỏ,146
THPT Cẩm Bình,145
THPT Nguyễn Thượng Hiền,144
THCS THPT Nguyễn Văn Khải,144
THPT Nguyễn Việt Dũng,144
THPT Nguyễn Xuân Ôn,143
THPT Hàm Rồng,143
THPT Hoành Bồ,142
THPT Đình Lập,142
Trường THPT Xuân áng,142
Tiểu học-THCS-THPT Văn Lang,141
TT.GDTX&KTTH-HN; Cần Đước,141
THPT Long Xuyên,141
THPT ATK Tân Trào,140
THPT Na Hang,139
THPT Võ Văn Kiệt,138
Trung tâm GDTX- DN huyện Cầu Ngang,138
THPT Yên Phong 2,137
THPT Trấn Biên,137
THPT Tĩnh Gia 1,137
THPT Chuyên Lê Khiết,136
THPT Lý Nhân,136
TTGDTX Anh Sơn,136
THPT Phước Long,135
THPT Mù Cang Chải,135
TTGDTX Nghĩa Đàn,135
THCS - THPT Hoà Bình,135
THPT  Nguyễn Duy Hiệu,134
THPT Yên Thành 2,134
THPT Nguyễn T Minh Khai,133
THPT Tuệ Tĩnh,133
THPT Phan Văn Đạt,133
THPT Hoá Châu,133
THPT Thành Phố Trà Vinh,132
THPT.DTNT tỉnh,131
Trường Phổ thông DTNT tỉnhTây Ninh,130
TTGDTX H. Tân Yên,130
THPT Minh Hà,129
THPT Phù Lưu,129
Trường phổ thông Phú Tân,129
THPT Triệu Quang Phục,129
THPT Võ Giữ,129
THPT Thạnh Mỹ Tây,129
THPT Đa Phước,129
THPT Phủ Thông,129
THPT Đơn Dương,129
THPT BC Trần Hưng Đạo,127
THPT Dương Văn Dương,127
THPT Chu Văn An-Đức Trọng,127
THPT Thượng Lâm,127
THPT Bình Xuyên,127
THPT Vân Tảo,126
THPT Long Trường,126
Trường THPT Thanh Ba,126
THPT Chiêm Hóa,125
THPT Nguyễn Sỹ Sách,125
THPT Ba Gia,125
Trường THPT Hưng Hoá,125
THPT Diễn Châu 5,124
TTGDTX Thành phố Tây Ninh,124
THPT Quế Võ 2,123
THPT Quản Bạ,121
THPT  Vĩnh Tường,121
THPT Phú Tân,121
THPT chuyên Thăng Long -Đà lạt,120
THPT Đoàn Thị Điểm,120
THPT Trương Vĩnh Ký,120
THPT A Phủ Lý,120
THPT Kẻ Sặt,119
THPT Quảng Xương 1,119
THPT DL Lê Doãn Nhã,119
THPT An Lạc,119
THPT Chiêm Thành Tấn,119
THPT Đầm Dơi,118
THPT Đào Duy Từ,118
THCS và THPT Mỹ Thuận,118
THPT Bắc Duyên Hà,118
THPT Chuyên Quảng Bình,117
THPT Hải Đông,117
THPT Nguyễn Thị Giang,117
THPT thành phố Điện Biên Phủ,116
TTGDTX Quận Bình Thạnh,116
THPT Nguyễn Hồng Đạo,116
THPT DTNT Huỳnh Cương,115
TT GDTX Duy Tiên,115
,114
THPT Lê Lợi Đông Hà,112
THPT Trường Xuân,112
THPT Phạm Thành Trung,112
THPT C Hải Hậu,112
Phổ thông  Huế Star,112
THPT Kim Sơn B,112
THPT NguyễnTrãi,111
THPT Hồ Thị Kỷ,111
TT GDTX TP Huế,111
THPT Cao Lãnh 2,110
THPT Sơn Động,110
THPT Trần Phú-Hoàn Kiếm,110
THPT Xuân Tô,110
THPT Bảo Lộc,109
THPT Trung Phú,109
THPT Vũ Đình Liệu,108
"Cấp 2,3 Khánh Sơn",108
THPT Lương Đắc Bằng,108
THPT Đông Đô,108
Trường THPT Mộc Hạ,108
THPT Số 2 An Lão,107
THPT Nguyễn Trung Thiên,107
THPT Vinh Lộc,107
THPT Đức Tân,107
THPT Thái Nguyên (thuộc ĐH SP Thái Nguyên),107
THPT Na Rỳ,107
THPT Tân Thạnh,106
THPT Đầm Hồng,106
THPT Lê Thế Hiếu,106
THPT Phùng Khắc Khoan-Thạch Thất,106
Trung tâm GDTX Thanh Thuỷ,106
THPT B Phủ Lý,106
THPT Trí Đức,105
THPT chuyên Huỳnh Mẫn Đạt,105
Trường PT Dân tộc nội trú tỉnh Phú Thọ,105
THPT VTC,105
THPT Chuyên Bảo Lộc,105
THPT Đặng Huy Trứ,105
THPT Cù Huy Cận,105
THPT Chuyên Lam Sơn,105
THPT Đakrông,104
THPT Đoàn Văn Tố,104
THPT Vĩnh Lộc B,104
THPT Đồng Đăng,103
TTGDTX Tỉnh,103
THPT Bà Điểm,103
THPT  Quỳ Hợp 2,103
THPT Chuyên Lê Quí Đôn,102
THPT Duyên Hải,102
Trường PTDTNT tỉnh,102
THPT chuyên Nguyễn Quang Diêu,102
THPT Kim Sơn A,102
THPT Thông Linh,102
THPT Phù Cừ,102
THPT Cảm Nhân,101
THPT Lộc Bình,101
THPT Toàn Thắng,101
THPT Nhân Việt,100
THCS THPT Tân Lộc,100
TTGDTX Hưng Nguyên,100
THPT Kiến An,100
THPT  Lê Hồng Phong,100
THPT Chuyên Quang Trung,99
THPT Nguyễn Mai,98
THPT  Nguyễn Du,98
THPT An Nghĩa,98
THPT Dĩ An,97
THPT Nguyễn Đình Liễn,97
THPT Bình Phục Nhứt,97
THPT Hải Đảo,97
THPT Bù Đăng,96
THPT số 4 Tp Lào Cai,95
Trung tâm GDTX Thạnh Phú,95
THPT Cà Mau,94
Trường THPT Lương Sơn,94
THPT Tạ Uyên,93
THPT Nam yên Thành,93
TT GDTX Cao Lộc,93
THPT Nguyễn Bỉnh Khiêm-Cầu Giấy,93
TTGDTX Cửa Lò,93
PT Nguyễn Mộng Tuân,92
THPT Yên Khánh A,92
THPT Hậu Nghĩa,91
THPT Hồng Ngự 1,91
GDTX Yên Minh,91
THPT Chí Linh,90
THPT DTNT Tỉnh,90
THPT Sáng Sơn,88
THPT DT Nội trú tỉnh,88
THPT Tân An,87
Phổ thông Dân Tộc Nội trú,87
THPT Hùng Thắng,87
THPT Võ Nhai,87
Trường THPT Thanh Thuỷ,86
THPT Phạm Ngũ Lão,86
THPT  Nguyễn Văn Cừ,86
THPT Nam Đồng Quan,86
THPT Sơn Hà,86
THPT Nghĩa Lộ,86
Trường THCS&THPT; DTNT Liên huyên phia Nam,85
THPT Ông ích Khiêm,85
THPT Kiến Thụy,85
THPT  Phan Đình Phùng,85
THPT Dương Quang Đông,85
THPT Hà Huy Giáp,84
THPT Quan Sơn 2,84
THPT Long Bình,84
THPT Châu Phong,84
Trường THPT Nguyễn Tất Thành,84
THPT Nghi Lộc 5,84
THPT Nhã Nam,84
Trường THPT Vĩnh Chân,83
THPT chuyên Hà Tĩnh,83
THPT Long Thành,83
Trường THPT Hùng Vương,83
Trường THPT Nguyễn Thái Học,83
TTGDTX Tân Kỳ,83
THPT DL Đô Lương 1,83
Trung tâm GDTX Tam Nông,83
Trường THPT Văn Miếu,82
Trung tâm GDTX huyện Mỏ Cày Nam,82
THPT Củ Chi,82
THPT Hoài Ân,81
THPT  Âp Bắc,81
THPT Phú Hưng,80
THPT Trần Cao Vân,80
THPT Vân Nội,80
THPT Marie Curie,80
THPT Hòa Ninh – Di Linh,79
THPT Yên Phong 1,79
THPT Buôn Hồ,79
THPT Ngã Sáu,78
THPT Lê Quý Đôn -Đạ Tẻh,78
THPT Lê Anh Xuân,78
Trường THPT Mai Sơn,78
THPT  Hoàng Diệu,78
THPT Tháp Chàm,78
THPT Kỳ Lâm,77
THPT Tràm Chim,77
THPT Bình Gia,76
THPT Chế Lan Viên,76
THPT Nguyễn Hữu Tiến,76
THPT Mai Anh Tuấn,76
TTGDTX Quận 10,76
THPT dân tộc nội trú tỉnh,76
THPT Tứ Kỳ,76
THPT An Lương Đông,75
THPT Cát Bà,75
THPT Lạc Thuỷ C,75
THPT Cẩm Giàng 2,75
THPT Số 2 An Nhơn,74
TTGD TT Phú Xuyên,74
Trường THPT Herman,74
THPT Diễn Châu 2,74
THPT Gò Công Đông,74
THPT Xuân Vân,74
THPT Gò Đen,73
THPT Cảm Ân,73
THPT Cầu Xe,73
THPT Số 1 Sa Pa,73
THPT Thống Nhất,73
TT GDTX Chi Lăng,73
THPT số 3 Tp Lào Cai,72
THPT Phạm Thái Bường,72
TTGDTX A Lưới,72
THPT Lê Thánh Tôn,72
THPT Quảng Ninh,71
THPT Lê Lai,71
THPT Buôn Ma Thuột,71
THPT Ng Hữu Huân,71
THPT Mường Quạ,71
PTDT nội trú THCS và THPT H.Mường Khương,71
THPT Nguyễn Quán Nho,70
TT.GDTX&KTTH-HN; Đức Huệ,70
THPT Tây Hồ,69
TTGDTX Quận 7,69
THPT Tư thục Mai Hắc Đế,69
THPT số 5 Bố Trạch,69
TTDN - GDTX & hướng nghiệp Bình Sơn,69
THPT Đức Thọ,69
THPT Anh Sơn 3,69
THPT Lương Tài  2,68
THPT Tam Nông,68
THPT Tân Hiệp,68
"THPT Chu Văn An,",68
TTGDTX- KTHN H. Phú Giáo,68
THPT Sơn Tây,67
THPT Gia Hội,67
THPT Dân tộc Nội trú Thanh Hóa,67
THPT  Trần Quý Cáp,67
THPT Nguyễn Tất Thành,67
THPT Tam Quan,67
TTGDTX  Châu Thành,67
THPT số 2 Văn Bàn,67
THPT Thăng Long,67
THPT Thái Hòa,67
THPT số 1 Mường Khương,66
THPT Thanh Đa,66
Trường THPT Tân Lang,66
THPT Võ Lai,65
THCS - THPT Minh Hóa,65
THPT Hậu Lộc 1,65
THPT Chuyên Lương Văn Tụy,65
THPT Trà Cú,65
THPT Hậu Lộc 4,65
THPT An Thới,64
THPT Nguyễn Hữu Cầu,64
TTGDTX   Dương Minh Châu,64
THPT Kim Anh,64
THCS & THPT Bình Phong Thạnh,64
THPT Gia Viễn C,63
TT GDTX TP. Hải Dương,63
THPT Quan Hóa,63
THPT Lâp Vò 2,62
THPT Dào San,62
THPT Nội trú Đắk Song,62
THPT BC Lê Quí Đôn,61
THPT Châu Thành 1,61
THPT  Chuyên Lê Quý Đôn,61
Trường THPT Thạch Kiệt,61
THPT Ba Bể,61
THPT Hà Đông,61
THPT Vĩnh Hưng,61
THPT  Trần Trường Sinh,61
THPT DTNT Vĩnh Thạnh,60
THPT Cầu Ngang A,60
THCS & THPT Hậu Thạnh Đông,60
THPT Bình Phú,60
THPT Từ Sơn,60
THPT  Huỳnh Thúc Kháng,60
TTHNGDTX Uông Bí,60
THPT Ngọc Hiển,60
THPT Tú Đoạn,59
THPT Định Hoá,59
THPT Vũ Lễ,59
TTGDTX- KTHN H. Thuận An,59
THPT DL Nguyễn Văn Tố,59
TT GDTX Đình Lập,59
TTGDTX Ninh Bình,59
THPT Chuyên Vĩnh Phúc,59
THPT Đại Ngãi,58
THPT Phú Nhuận,58
THPT Xuân Trường C,58
Trường THCS&THPT; Kpă Klơng,58
THPT Hoằng Hoá 4,58
THPT Đăk Ơ,58
THPT Tư thục chất lượng cao Hoàng Xuân Hãn,58
TTGDTX Ninh Thuận,58
Trường THPT Minh Đài,58
THPT  Võ Văn Tần,57
THPT Thành phố Cao Bằng,57
TTGDTX-HN Hải Châu+BTBK+CĐCN,57
Trường phổ thông Dân Tộc Nội Trú THPT tỉnh Trà Vinh,57
THPT Trần Bình Trọng,57
THPT Lâp Vò 3,57
TTGDTX Quận 9,56
PT Dân tộc nội trú,56
TTGDTX  Hương Thủy,56
THPT Kim Bôi,56
THPT A Thanh Liêm,55
TTGDTX Trảng Bàng,55
Trường THPT Yên Châu,54
THPT   Núi Thành,54
THPT Lam Kinh,54
THPT Nho Quan B,54
THPT Ninh Bình Bạc Liêu,54
TT GDTX Ea H'Leo,53
THPT số 3 Bảo Yên,53
THPT Bình Hưng Hòa,53
THPT An Phước,53
TTGDTX Buôn Ma Thuột,52
THPT Dân tộc nội trú,52
Trường THPT Huỳnh Thúc Kháng,52
THPT Phú Hữu,52
THPT Phước Thiền,52
THPT Cửa Ông,51
THPT  Minh Long,51
PT Cấp 2-3 Võ Văn Kiệt,51
THPT Cát Hải,51
THPT Long Thới,51
THPT Ngọc Lặc 3,51
THPT Thạnh Lộc,51
THPT Vĩnh Yên,51
THPT Nguyễn Thông,51
THPT Cái Bè,50
THPTDL Nguyễn Khắc Viện,50
THPT chuyên Hoàng Văn Thụ,50
Trường TC Kỹ thuật - Nghiệp vụ Cái Bè,50
THPT Giồng Ông Tố,50
PT cấp 2-3 Tôn Đức Thắng,50
THCS và THPT An Đông,50
THPT  Ngô Gia Tự,50
TT DN&GDTX; Thủy Nguyên,49
THPT Kiến Văn,49
THPT Nguyễn Văn Côn,49
Trường THPT Phiêng Khoài,49
THPT Khánh Hoà,48
THPT Mùn Chung,48
THPT Nguyễn Siêu,48
Trường THPT Bình Thuận,48
THPT Đồng Phú,48
Cấp 2 -3 Lê Duẩn,48
THPT Nguyễn Dục,48
THPT Thủ Thiêm,48
THPT Tôn Thất Tùng,47
THPT Tống Văn Trân,47
THPT TX Mường Lay,47
THPT Đinh Chương Dương,47
TT HN&GDTX; Đầm Hà,47
Trung cấp kỹ thuật- nghiệp vụ Kiên Giang,47
THPT Kim Sơn C,47
BTVH tại THPT Ngô Gia Tự,47
THPT Lương Văn Can,46
THPT Lý Nhân Tông,46
THPT Quang Trung-Hà Đông,46
THPT DL Cù Chính Lan,46
THPT Ca Văn Thỉnh,46
THPT  Hồng Quang,46
THPT Hàm Thuận Bắc,45
THPT  Lộc Hiệp,45
TTGDTX Hương Trà,45
THPT An Phú,45
THPT Hồng Ngự 3,45
THPT Phan Ngọc Tòng,45
THPT Tân Phước Khánh,45
THPT Chê-Ghêvara,45
THPT Lai Vung 1,45
THPT Cầu Kè,44
THPT Vân Canh,44
THPT Long Hòa,44
THPT DTNT Cao Bằng,44
THPT DTNT Vân Canh,44
THPT Trần Kỳ Phong,44
THPT Bắc Lý,44
THPT Số 1 Tư Nghĩa,44
THPT Lạng Giang 1,44
THPT Đồng Yên,44
"TH, THCS và THPT Ngô Thời Nhiệm",44
THPT Trân Quôc Toản,43
THPT Yên Hoa,43
THPT An Biên,43
TT.GDTX huyện Bình Tân,43
THPT An Mỹ,43
Trường THPT Trung Giáp,43
THPT Tuyên Hóa,43
THPT Trần Hưng Đạo-Hà Đông,42
THPT Rạch Kiến,42
THPT Lâp Vò 1,42
THPT Thạch Thành 1,42
THPT Cầu Ngang B,42
THPT Tứ Kỳ II,42
THPT Yên Lạc,42
THPT   Quế Sơn,42
THPT Như Xuân,42
THPT  Nguyễn Tri Phương,41
THPT Diệp Minh Châu,41
TTGDTX& DN Tam Dương,41
THPT Nguyễn Đổng Chi,41
THPT Châu Thành 2,41
THPT Tương Dương 1,41
THPT Tập Sơn,41
THPT Đăk Mil,41
THPT Văn Lâm,41
THPT Triệu Sơn 4,41
Egame Company,41
THPT Quản Trọng Hoàng,40
Trường THPT Nguyễn Thị Minh Khai,40
TT GDTX-Hướng nghiệp tỉnh Tuyên Quang,40
TTGDTX Quận 8,40
THPT Lộc Thanh,39
TT GDTX-DN-HN Ninh Phước,39
THPT Khánh An,39
THPT Hồng Lam,39
Trường Phổ thông DTNT THPT huyện Tuần Giáo,39
THPT DL Lý Tự Trọng,39
THPT Lưu Hữu Phước,39
THPT Trung Sơn,39
TT GDTX Lý Nhân,39
THPT  Đồ Sơn,39
THPT Cần Đước,39
THPT Hòn Đất,39
PT Liên cấp 2+3 Trấn Yên II,38
THPT Giai Xuân,38
PT Dân tộc nội trú THPT Miền Tây,38
THPT Cần Đăng,38
THPT Huỳnh Hữu Nghĩa,38
THPT Trần Quý Cáp,38
TT GDTX-HNDN Huyện Yên Bình,38
THPT Yên Mô A,38
THPT số 2 Mường Khương,38
TTGDTX Tân Biên,38
THPT Tiên Yên,38
Trường THPT Kĩ thuật Việt Trì,37
THPT B Bình Lục,37
THPT DL Đô Lương 2,37
THPT Hoài Đức B,37
THPT Long Khánh,37
THPT Nguyễn Bính,37
THPT số 3 Bảo Thắng,37
THPT Đồng Xoài,37
THPT Văn Quan,36
THCS-THPT Dân Tộc Nội Trú huyện Trà Cú,36
THPT Triệu Sơn 3,36
TTGDTX Nam đàn,36
Trường THPT Phương Xá,36
THPT BC Trần Cao Vân,36
THPT Tạ Quang Bửu,36
THPT Bình Mỹ,36
THPT Phước Kiển,36
THPT Nam Khoái Châu,36
THPT Nguyễn Trãi-Ba Đình,36
TTGDTX Chu Văn An,35
THPT Tương Dương 2,35
THPT  Nguyễn Thái Bình,35
THPT chuyên Lê Quí Đôn,35
TT GDTX-HN Thanh Khê,35
THPT  Lương Thúc Kỳ,34
THPT Tân Trào,34
THPT Tam Dương  2,34
Trung tâm GDTX Thanh Ba,34
THCS và THPT Tân Phú,34
THPT  Nam Cao,34
THPT DL Trần Hưng Đạo,34
THPT Lê Chân,34
TT GDTX Bình Lục,34
THPT  Lý Tự Trọng,33
TTGDTX Quỳnh Lưu,33
THPT Hòa An,33
THPT Nguyễn Tất  Thành,33
THPT  Trần Cao Vân,33
THPT LÔ MÔ NÔXOP,33
THPT Trung Lập,33
THPT Võ Thị Hồng,33
THPT Nguyễn Hiếu Tự,33
THPT Thạch Bàn,33
THPT Đạ Sar – Lạc Dương,33
THPT Nguyễn Việt Hồng,33
Năng khiêu thê dục thê thao,33
THPT Cầu Quan,33
TTGDTX Tân Châu,32
THPT số 3 Văn Bàn,32
THPT số 4 Văn Bàn,32
Trung tâm GDTX Trà Bồng,32
THPT Tam Dương,32
THPT  Phan Chu Trinh,32
THPT Mèo Vạc,32
THPT Thọ Xuân 5,31
THPT Dương Tự Minh,31
THCS-THPT Trần Quốc Tuấn,31
Trường Hermann Gmeiner,31
TTGDTX Thị xã Sông Công,31
Trường THPT Hạ Hoà,31
THPT Hạ Lang,31
THPT Tây Sơn,31
THPT DTNT Tân Kỳ,31
"Trường Thực Hành Sư Phạm
Trà Vinh",31
THPT Tân Trụ,31
TT GDTX-DN,31
THPT Thanh Chăn,30
THCS THPT Thới Thuận,30
THPT Phú Xuyên A,30
THCS & THPT Khánh Hưng,30
THPT Hậu Lộc 3,30
THPT DT Nội Trú Tỉnh,30
THPT BC Cửa Lò,30
TTGDTX A H. Ý Yên,30
THPT Hương Thủy,29
THPT Phan Văn Hùng,29
THPT Vĩnh Long,29
Trường THPT Thanh Nưa,29
TT GDTX Cư M'Gar,29
THPT Lai Vung 2,29
THPT BC Nguyễn Trường Tộ,29
THPT Sương Nguyệt Anh,29
Trường THPT Quang Trung,29
THPT An Thạnh 3,29
Trường PTDT Nội trú Krông Nô,29
THPT Thủy Sơn,28
Trung tâm GDTX Châu Thành,28
TTGDTX Bến Cầu,28
THPT Thành phô Sa Đéc,28
Trường THPT Quế Lâm,28
TTGDTX Hoài Đức,28
THPT Nội trú Đắk Lấp,28
THPT Lê Hữu Trác II,28
THPT Cao Bá Quát-Gia Lâm,28
THPT Quế Võ 3,28
THPT Nam Sài gòn,28
THPT Dân Lập Yersin -Đà Lạt,28
TTGDTX Quận Phú Nhuận,28
THPT Lý Sơn,27
Trường THPT Thảo Nguyên,27
TT GDTX,27
TTGDTX Thị xã Quảng Trị,27
TCKT&NV; Nam Sài Gòn,27
THPT Chúc Động,27
TT GDTX H. Đắk Hà,27
Trường Trung học phổ thông Nghĩa Dân,27
THPT Phan Liêm,27
THPT Diên Hồng,27
THPT Dân tộc nội trú tỉnh,27
THPT số 2 Tp Lào Cai,27
THPT Ngân Sơn,27
Trường Phổ thông DTNT THPT huyện Mường Ảng,26
Trường THPT Trần Hưng Đạo,26
TTGDTX Huyện Châu Thành A,26
Trường THPT Phan Bội Châu,26
THPT Thừa Lưu,26
THPT Đức Huệ,25
THPT Dân lập  Duy Tân,25
THPT Yên Thành 3,25
THPT Gia Viễn A,25
Trường THPT Lương Hòa A,25
THPT Vĩnh Kim,25
THPT dân lập Lương Thế Vinh,25
THPT Lý Bôn,25
TTGDTX Nam Đông,25
THPT TX Hưng Yên,24
Phổ thông Năng khiếu ĐHQG-HCM,24
THPT  Hạ Long,24
THPT Lang Biang,24
THPT Mường Ảng,24
PTDTNT Nam Trà My,24
THCS và THPT Đường Hoa Cương,24
TT Dạy nghề và GDTX Bát Xát,24
THPT Kim Động,24
THPT Chuyên tỉnh Lào Cai,23
THPT Trần Văn Năng,23
THPT Trung Giã,23
THCS và THPT Nhân Văn,23
THPT Giồng Thị Đam,23
THPT Khoái Châu,23
THPT Thọ Xuân 4,23
THPT Long Mỹ,23
THPT số 1 Văn Bàn,23
THPT Đức Linh,23
THCS & THPT Long Hựu Đông,23
THPT Chuyên Hà Tĩnh,23
THPTThực hành/ĐHSP,22
THPT số 1 Bắc Hà,22
Trung tâm GDTX Sơn Hà,22
THPT Vũ Quang,22
THPT Sóc Sơn,22
TTHNGDTX Đông Triều,22
TTGDTX Đông Hiếu,22
THPT Hoàng Thái Hiếu,21
Trường THPT Đoan Hùng,21
THPT Thạnh Hóa,21
THPT Mỹ Hòa Hưng,21
THPT Phan Thiết,21
THPT Hòa Lợi,21
THPT Tân Hồng,21
THPT Thủ Thừa,21
THPT Phước Vĩnh,21
Trường THPT Tam Nông,21
THPT Thanh Tuyền,21
THCS - THPT Bắc Sơn,21
THPT Tà Nung-Đà Lạt,20
THPT Can Lộc,20
THCS và THPT Trung Hóa,20
THPT 19/5,20
THPT Hàm Nghi,20
Trung tâm GDTX- DN huyện Tiểu Cần,20
THPT DTNT Konplong,20
TT GDTX Lạc Thuỷ,20
THPT Nam Phù Cừ,20
TT DN - HN - GDTX  Hương Sơn,20
THPT Nguyễn Đình    Chiểu,20
Trung tâm GDTX thành phố Bến Tre,20
THPT Đồng Hới,20
THPT Thạch Thành 3,20
THPT Mỹ Hương,20
THPT Bảo Lạc,20
TTGDTX Vinh,20
THPT Lê Văn Tám,20
Trung tâm GDTX huyện Vũ Thư,20
THPT Lê Hoài Đôn,20
THPT Nhị Trường,20
TTGDTX&DN; Thị xã Phúc Yên,19
TT GDTX-HN Phù Cát,19
THPT Thanh Hòa,19
THPT Thanh Bình 2,19
THPT Nhị Chiểu,19
THPT Chuyên Hà Nội-Amsterdam,19
THPT Thạnh An,19
THCS & THPT Mỹ Quý,19
THPT Hiếu Phụng,19
TTGDTX Triệu Phong,19
THPT Nguyễn Thị Diệu,19
THCS-THPT Hồng Hà,19
THPT   Huỳnh Thúc Kháng,19
THPT Chuyên Lương Thế Vinh,19
TTGDTX Quận 2,19
THPT Ba Chẽ,19
THPT Pác Khuông,19
THPT Tam Đảo 2,19
THPT DTNT Nơ Trang Lơng,19
THPT Tư thục Lê Quý Đôn,19
THPT Nam Duyên Hà,19
THPT Chuyên Nguyễn Bỉnh Khiêm,19
"Trường Cấp 2,3 Đồng Tiến",18
THPT Phan Đình Giót,18
TT GDTX-HN Liên Chiểu,18
THPT Hương Giang,18
THPT MARIE CURIE,18
THPT Nhơn Trạch,18
Trường THPT Phù Yên,18
THPT Hoà An,18
THPT Sóc Trăng,18
THPT Đức Hợp,18
TT GDTX 1 tỉnh,18
THPT Marie-Curie,18
Trường THPT Đồng Đăng,18
TTGDTX Thanh Chương,18
THPT  Nguyễn Công Trứ,17
THPT Phúc Trạch,17
THPT Long Hữu,17
TTHNGDTX  Cẩm Phả,17
TTKT-TH-HN-DN&GDTX; tỉnh,17
THPT Nguyễn Duy THì,17
Trường THPT Nguyễn Bỉnh Khiêm,17
Trường Tư thục Trung tiểu học Đức Trí,17
THPT Thái Thanh Hoà,17
Trung tâm GDTX-HNDN huyện Trà Cú,17
THPT Đoàn Thượng,17
TH-THCS-THPT Mỹ Việt,17
PT dân tộc nội trú huyện Phước Sơn,17
THPT Ngọc Hồi,17
THPT Bảo Lâm,16
TT GDTX-HN Hòa Vang,16
PTPT  Phan Chu Trinh,16
THPT Trại Cau,16
THPT Nông Cống 2,16
THPT   Tiểu La,15
THPT Hoàng Văn  Thụ,15
THPT Phú Lương,15
THPT Lâm Hà,15
PT DTNT huyện Phong Thổ,15
Trung Tâm GDTX-DN huyện Duyên Hải,15
THPT Thanh Bình,15
THPT Tĩnh Gia 2,15
THPT chuyên tỉnh Hưng Yên,15
THPT B Thanh Liêm,15
THPT Nguyễn Đáng,15
THCS và THPT Nguyễn Khuyến,15
TT GDTX tỉnh Bắc Ninh,15
THPT Lưu Đình Chất,15
TTGDTX Tỉnh Tây Ninh,15
Trường THPT Mỹ Văn,15
THPT Quang Trung-Đống Đa,15
TTGDTX  Phú Vang,15
THPT Gia Định,15
THPT Như Thanh 2,15
THPT An Ninh,15
THPT Yên Lạc 2,14
THPT Tư thục Việt Yên,14
TT DN&GDTX; Hồng Bàng,14
THPT Xuân Trường B,14
TT Dạy nghề và GDTX Văn Bàn,14
THPT Yên Định 1,14
THPT Ngô Văn Nhạc,14
THPT Nguyễn Đức Cảnh,14
Trung tâm GDTX Yên Lập,14
THPT Phúc Yên,14
Chuyên Toán ĐH Vinh,14
Trung tâm Giáo dục thường xuyên Bảo Lâm,14
TTDN-GDTX Phú Tân,14
TTGDTX Quận 4,14
THPT Gò Vấp,14
THPT H. Điện Biên,14
THPT Yên Hân,14
TT GDTX Tràng Định,14
THPT Bình Long,13
THPT Tân Thành,13
THPT Phú Xuyên B,13
PT DTNT Tiên Yên,13
THPT Cao Bá Quát,13
TT Dạy nghề và GDTX Bảo Thắng,13
THPT Dân lập Đông Sơn,13
Trường THPT Trung Nghĩa,13
TTGDTX Kỳ Sơn,13
THPT Xín Mần,13
TTGDTX Thị xã Bình Minh,13
THPT Ea H'leo,13
TTGDTX Quỳ Châu,13
THPT Gia Lộc,13
THPT Krông Ana,13
THPT Hồng Ngự 2,13
TT Dạy nghề và GDTX Si Ma Cai,13
Trường THPT Tử Đà,13
THPT Nam Hải Lăng,13
THCS & THPT Long Cang,13
THPT Quảng Oai,13
THPT Trịnh Hoài Đức,13
THPT GDTX Lệ Thủy,13
THPT Đoàn Kết-Hai Bà Trưng,13
Trường THPT Bán Công Thanh Sơn,12
THPT Kháng Nhật,12
THPT Bán công Phạm Quang Thẩm,12
THPT Mỹ Đức A,12
THPT Số 2 Bát Xát,12
TT GDTX -HNDN Thành phố Hà Tĩnh,12
THPT DL Trương Định,12
THPT Yên Hưng,12
THPT Gia Nghĩa,12
Trung tâm DN - HN - GDTX Hồng Lĩnh,12
THPT Đinh Tiên Hoàng,12
THPT Phan Bội Châu - Tuyên Hóa,12
TTGDTX tỉnh Hà Tĩnh,12
TT GDTX Văn Quan,12
THPT Phạm  Văn Đồng,12
Trung tâm Giáo dục thường xuyên Ba Vì,12
THPT DL Nguyễn Huệ,12
TTGDTX Phong Điền,11
TTGDTX- KTHN H. Dầu Tiếng,11
TT DN&GDTX; Tiên Lãng,11
THPT Tràng Định,11
Phòng GDCN Sở GD-ĐT TT-Huế,11
THPT Ngô Thì Nhậm,11
THPT Đinh Tiên Hoàng-Ba Đình,11
TT DN&GDTX; Ngô Quyền,11
THPT An Dương Vương,11
THPT Tam Ngãi,11
THPT DTNT Sa Thầy,11
TT GDTX thị xã Ngã Bảy,11
THPT Đôn Châu,11
THPT Đại Mỗ,11
THPT Ân Thi,11
THPT Lang Chánh,11
TTGDTX Quế Phong,11
TT GDTX-DN-HN Ninh Sơn,11
THPT Nam Hà,11
THPT Trần Hưng Đạo-Thanh Xuân,11
PTDT nội trú THCS và THPT H.Bắc Hà,10
THPT Nông Cống 1,10
PT Cấp 2-3  Võ Thị Sáu,10
THPT Tiên Hưng,10
THPT Hà Bắc,10
THPT Bắc Mê,10
THPT Dương Quảng Hàm,10
THPT  Bắc Sơn,10
THPT  Hoàng Quốc Việt,10
THPT Đa Kia,10
TT GDTX TP Thái Nguyên,10
THPT Thông Nông,10
THPT Đỗ Công Tường,10
TTGDTX Thành phố Vị Thanh,10
THPT Thuận Thành 2,10
THPT Minh Khai,10
THPT Nà Phặc,10
THPT Hiệp Hoà 1,10
THPT Quyết Thắng,10
THPT DL Can Lộc,10
Trung tâm GDTX-HN Thanh Sơn,10
THPT Mỹ Lộc,10
THPT chuyên Hùng Vương,9
Phổ thông Dân tộc nội trú,9
THPT Trần Xuân Soạn,9
TTGDTX Quận 1,9
THPT Phố Mới,9
THPT Chương Mỹ B,9
THPT Bán Công Đồng Hới,9
GDTX Ba Đình,9
THPT Bình Đông,9
THPT Thông Nguyên,9
Trường THPT Chu Văn An,9
THPT Vạn Tường,9
THPT Cái Nước,9
THPT Dưỡng Điềm,9
THPT Trung An,9
THPT Trần Đăng Ninh,9
TTGDTX Trần Hưng Đạo,9
THPT Trường Long Tây,9
THPT Tân Phú Trung,9
THPT Nguyễn Gia Thiều,9
THPT Gia Lộc II,9
THPT Bá́ Thước,9
THPT Nguyễn Huệ - Di Linh,9
THPT Dầu Giây,9
THPT Bố Hạ,9
THPT Hòa Hưng,9
THPT Nam Trà My,9
TT GDTX thành phố HB,9
TT DN&GDTX; Hải An,9
THPT Đăng Hà,9
THPT Thu Xà,9
THPT Nguyễn Đăng Đạo,9
TT GDTX Từ Sơn,9
THPT Nội trú Đắk Mil,9
THPT Hàm Giang,9
THPT số 1 Quảng Trạch,8
THPT Tân Phước,8
THPT Tư Thục Nguyễn Du,8
THPT Phú Lộc,8
THPT Bình Thanh,8
TTGDTX Vũ Quang,8
THPT Nội trú Cư Jút,8
THPT Chương Mỹ A,8
THPT Số 2 Tư Nghĩa,8
TT. GDTX-HN Hiệp Đức,8
THPT DL Ngô Trí Hoà,8
THPT An Dương,8
THPT Mường Kim,8
Trung tâm GDTX-HNDN thành phố Trà Vinh,8
TT Dạy nghề và GDTX TP Lào Cai,8
TT GDTX Ninh Hoà,8
THPT Tây Hiếu Nghĩa Đàn,8
THPT Chuyên Thái Bình,8
THPT Nguyễn Đức Thuận,8
THPT Cam Lộ,8
Trung tâm GDTX – DN huyện Càng Long,8
TT.GDTX&KTTH-HN; Thủ Thừa,8
THPT Thăng Long -Lâm Hà,8
THPT Số 1 Đức Phổ,8
TT GDTX Bù Đốp,8
PT Cấp 2-3 Tân Quang,8
TT GDTX huyện Ngọc Hồi,8
THCS-THPT Lê Thánh Tông,8
THPT  Vĩnh Linh,8
THPT BC Nguyễn Công Trứ,8
THPT Thường Xuân 2,8
TT.GDTX&KTTH-HN; Vĩnh Hưng,8
TT DN&GDTX; Q.Dương Kinh,8
Trường Văn hóa 3 - Bộ Công an,8
THCS-THPT Nguyễn Bình,8
THPT Triệu Thái,8
THPT Vĩnh Xương,8
THPT Phùng Hưng,8
THPT Lộc Ninh,8
THPT Đông Sơn 2,8
THPT số 3 Quảng Trạch,8
THPT Lịch Hội Thượng,8
THPT Lâm Bình,8
Trường THPT Lương Văn Cù,8
TTGDTX  HN Chợ Gạo,8
THCS-THPT Huỳnh Văn nghệ,8
THPT đội Cấn,7
THPT Châu Phú,7
THPT Phú Xuân,7
TT. GDTX-HN  Duy Xuyên,7
THPT Lê Lợi -Đơn Dương,7
TT. GDTX-HN Bắc Trà My,7
THPT Ba Chúc,7
"Trường Cấp 2,3 Nguyễn Bỉnh Khiêm",7
THPT Nguyễn Lương Bằng,7
THPT Buôn Đôn,7
Trường THPT Bán Công Công nghiệp Việt Trì,7
THPT Quan Sơn,7
THPT Dân tộc nội trú Ninh Thuận,7
THPT Bán công Bình Đại,7
THPT Nguyễn Thiện Thuật,7
THPT số 1 Bảo Thắng,7
THPT Lê Quý Đôn-Đống Đa,7
TTGDTX H. Hóc Môn,7
THPT Xuân Mỹ,7
THPT số 1 Tp Lào Cai,7
THPT Đồng Hỷ,7
THPT Hồng Lĩnh,7
THPT Nội trú Đắk Glong,7
TT GDTX Tỉnh,7
THPT Mê Linh,7
THPT NK TDTT,7
THPT Bán Công Thị Xã,7
TTGDTX Trùng Khánh,7
THPT Thực hành Cao Nguyên,7
THPT DL Quang Trung,7
TTGDTX Ô Môn,7
THPT Bình Chánh,7
Trung tâm GDTX–HN Đoan Hùng,7
THPT Mường So,7
THPT Hưng Nhân,7
THPT Gia Bình 3,7
Trường THPT Mường Giôn,7
TTGDTX Yên Thành,7
THPT Hàm Long,7
TTGDTX Nghi Lộc,7
THPT Văn Lang,7
THCS&THPT; Nguyễn Viết Xuân,7
THPT Ngô Thì Sỹ,7
TT. GDTX-HN  Điện Bàn,7
PTDT Nội trú Nước Oa,7
Trường TC Nghề Khu vực Gò Công,6
THPT Đoàn Kết,6
THPT DL Bắc Quỳnh Lưu,6
TTGDTX Thốt Nốt,6
THPT Hoa Lư A,6
GDTX Sóc Sơn,6
THPT DTNT tỉnh,6
THPT Đạ Tông,6
THPT Triệu Sơn 2,6
THPT Thường Tín,6
THPT Bá́ Thước 3,6
THPT Thạch Yên,6
THPT Trần Quốc Toản,6
Trường THPT Nguyễn Huệ,6
THPT Bàu Bàng,6
"THPT Trần Quốc Tuấn, Đồng Hỷ",6
TT GDTX Tỉnh Nam Định,6
TTGDTX Hải Lăng,6
TT Dạy nghề - GDTX Hồng Ngự,6
THPT Nguyễn Tri Phương,6
THPT Tĩnh Gia 3,6
TT GDTX Tiên Du,6
THPT Thạch Thành 2,6
THPT Bắc Đông Quan,6
TT DN - HN - GDTX Thạch Hà,6
THPT Chuyên Trần Hưng Đạo,6
THPT Nam Lương Sơn,6
THPT Ba Tơ,6
THPT Đông Hưng Hà,6
Trường THPT Long Châu Sa,6
THPT Châu á Thái Bình Dương,6
THPT Châu Thành A,6
THCS-THPT Hoành Mô,6
THPT Gio Linh,6
THPT BC Lương Thế Vinh,6
THPT Yên Dũng 3,6
THPT Thới Bình,6
THPT Số 2 Mộ Đức,6
Trung Tâm GDTX Tỉnh,6
THPT Yên Mỹ,6
TTGDTX Đakrông,6
THPT Xuân Khanh,6
TTGDTX H. Lạng Giang,6
Phổ thông Vùng Cao Việt Bắc,6
THPT Nguyễn Du-Thanh Oai,6
TTGDTX Gia Định,6
THPT  Lê Thành Phương,5
TTGDTX Huyện Vị Thuỷ,5
TT DN - HN - GDTX Nghi Xuân,5
THPT NKTDTT Nguyễn Thị Định,5
TT GDTX tỉnh Thái Nguyên,5
THCS&THPT; Nguyễn Tất Thành,5
Hữu Nghị 80,5
THCS và THPT huyện Bát Xát,5
THPT Nhữ Văn Lan,5
THPT Dân Tộc Nội Trú,5
THPT Mỹ Tho,5
Khối chuyên ĐHKH Huế,5
TTGDTX H. Củ Chi,5
Trường THPT Mường La,5
TT GDTX -HNDN  Thành phố Yên Bái,5
THPT Quách Văn Phẩm,5
THPT Chuyên  Lương Văn Chánh,5
THCS và THPT Trường Xuân,5
THPT Chuyên Ngữ ĐH Ngoại ngữ,5
TT Dạy nghề và GDTX Bắc Hà,5
THPT Dân lập Đồi Ngô,5
TT GDTX Lương Tài,5
THPT BC Châu Thành A,5
THPT Vinschool,5
THPT Đông Hà,5
THPT Phú Tâm,5
THPT Đa Phúc,5
THPT An Minh,5
TT DN - HN - GDTX Can Lộc,5
TTGDTX Quận Bình Tân,5
Trường THPT Cò Nòi,5
THPT Sầm Sơn,5
Trường THPT Tây Tiền Hải,5
THPT Lê Minh Xuân,5
THPT Mỹ Quý,5
THPT Yên Khánh B,5
THPT NguyễnTất Thành,5
THPT   Quang Trung,5
TT GDTX Lộc Bình,5
THPT Hữu Lũng,5
THPT Mai Kính,5
THPT  Lê Lợi,5
THPT Mường Lát,5
THPT Nguyễn Thị Định,5
THPT  Trần Văn Dư,5
THPT Kiên Lương,5
THPT Tĩnh Gia 5,5
THPT Huỳnh Phi Hùng,5
THPT Thái Bình Dương,5
TT KTTHHN Lê T H Gấm,5
THPT An Phúc,5
THPT Ái  Quốc,5
GDTX Mê Linh,5
THPT DTNT Ngọc Hồi,5
THPT Quang Hà,5
Trường Dân lập Phù Đổng,5
PTDT Nội Trú,5
TTGDTX Tam Điệp,5
THPT Chơn Thành,5
TT. GDTX-HN  Núi Thành,5
THPT Số 1 Si Ma Cai,5
TT GDTX-HN Tánh Linh,5
THPT Nho Quan A,5
THPT Lương Tâm,5
THPT Số 2 Đakrông,5
THPT Tân Yên 2,5
THPT BC Nguyễn Huệ,5
THPT Bến Tắm,5
TT.GDTX&KTTH-HN; Đức Hoà,5
THPT Đồng Tâm,5
THPT Long Hải - Phước tỉnh,5
THPT Lục Ngạn 2,5
TT. GDTX Mỹ Luông,5
THPT Phú Quốc,4
THPT Tenlơman,4
THPT Tân Lâm,4
THPT Đông Quan,4
THCS & THPT Long Thượng,4
THPT  Trần Quốc Tuấn,4
TH-THCS-THPT quốc tế Canada,4
THPT Ischool Rạch Giá,4
THPT Dân lập Thái Đào,4
THPT Thái Ninh,4
CĐN Kỹ thuật Công nghệ LADEC,4
THPT Tô Hiệu,4
THPT   Khâm Đức,4
Trường  THPT Cát Tiên,4
GDTX&DN; Cầu Giấy,4
THPT Giao Thuỷ B,4
THPT Bắc Lương Sơn,4
THPT Thiên Đức,4
Trường THPT Lâm Thao,4
TTGDTX Quận Thủ Đức,4
TTGDTX H. Bình Chánh,4
TT. GDTX Châu Đốc,4
THPT FPT,4
THPT  Nguyễn Thị Minh Khai,4
THPT Tây Đô,4
Trung tâm GDTX huyện Quỳnh Nhai,4
TT GDTX Bình Gia,4
THPT Xuân Lộc,4
TTGDTX H. Cần Giờ,4
THPT Lê Hoàn,4
TT DN&GDTX; Kiến An,4
THPT Hòa Minh,4
TTGDTX H. Phú Lương,4
THPT Định Quán,4
TTGDTX H. Nhà Bè,4
THPT Yên Viên,4
THPT An Nhơn Tây,4
THPT Chuyên Đại học Sư phạm,4
TH-THCS và THPT Hoà Bình,4
TC Phật Học Huế,4
PT DTNT cấp 2-3 Yên Minh,4
TTGDTX Giao Thuỷ,4
THPT Trần Hữu Trang,4
THPT TT Quang Trung,4
Trung THPT Lục Ngạn số 4,4
Trung tâm GDTX Bình  Đại,4
Trường THPT Nguyễn Văn Cừ,4
THPT Ischool,4
THPT Tân Lược,4
THPT Hồ Xuân Hương,4
TC Kinh tế - Kỹ thuật Tây Ninh,4
THPT DL Hà Nội,4
THPT Nam Trực,4
THPT Tân Phong,4
THCS & THPT Tân Thạnh,4
Trung tâm GDTX-HN tỉnh Quảng Ngãi,4
THPT  Cao Bá Quát,4
THPT Long Phước,4
THPT Lương Sơn,4
THPT  Trần Văn Hoài,4
THPT Thanh Miện III,4
THPT Hòa Ninh,4
THPT Na Dương,4
THPT Đạ Tẻh,4
THPT Sông Đốc,4
THPT Ngọc Tố,4
THPT Phạm Văn Sáng,4
GDTX Đan Phượng,4
THPT Ngọc Tảo,4
THCS-THPT Newton,4
Phổ thông Việt Mỹ,4
Hệ BTVH trong THPT DTNT tỉnh,4
THPT Bán công Phước Mỹ Trung,4
TTGDTX Quỳ Hợp,4
THCS và THPT Ngô Gia Tự,4
TTGDTX Lê Quí Đôn,4
THPT Kinh Môn II,4
THPT Liên Bảo,4
THPT Bà Rịa,4
TT GDTX Gia Bình,4
THPT Thực hành sư phạm - ĐHCT,4
THPT Yên Dũng 2,4
TTGDTX Con Cuông,3
Trung tâm GDTX  Chư Prông,3
TT GDTX Kim Bảng,3
Trường PT-DTNT Tu Mơ Rông,3
THCS và THPT Chu Văn An,3
THPT Đông Hiếu - TTGDTX,3
Trường THPT Võ Thành Trinh,3
THPT BC Châu Thành B,3
THPT Dân lập Hùng Vương,3
THPT Vĩnh Cửu,3
Trung tâm GDTX- DN huyện  Cầu Kè,3
CĐN Long An,3
Trường THPT Chân Mộng,3
Phân hiệu THPT - PTDT Konplong,3
Trường THPT thị xã Phú Thọ,3
THPT Bến Cát,3
THPT Tân Thông Hội,3
THPT Dân lập Bình Lục,3
Trường TC Công nghệ và Y tế Pasteur,3
Trường CĐ Nghề Tiền Giang,3
THPT Vạn Xuân-Long Biên,3
THPT Bán công Lộc Thuận,3
THPT Sơn Thịnh,3
THPT Trần Văn Bảo,3
THPT Thoại Ngọc Hầu,3
THPT Việt Đức,3
TT.GDTX&KTTH-HN; TX Kiến Tường,3
TTGDTX Quận 11,3
THPT Thụy Hương,3
THPT Trần Văn Lan,3
TTGDTX TP Vĩnh Long,3
THPT Mường Chà,3
THPT Việt Yên 1,3
THPT DL Phạm Văn Đồng,3
THPT Đỗ Huy Liêu,3
GDTX Quốc Oai,3
THPT Ngọc Lặc,3
THPT Quảng Xương 2,3
THPT Mari Cuire,3
THPT Chợ Mới,3
THPT Phục Hoà,3
THPT Tuy Phong,3
Trung tâm GDTX huyện Kiến Xương,3
Trung tâm GDTX Đăk Mil,3
THPT Dân Lập Phi Mô,3
THCS & THPT Quan Hóa,3
Trường THPT Chuyên Sơn La,3
THPT BC Huỳnh Thúc Kháng,3
THPT Vạn Xuân-Hoài Đức,3
TTGDTX Quận 3,3
THPT số 2 Quảng Trạch,3
Trường THPT Sốp Cộp,3
TT KTTH-HN Sơn Trà,3
TTGDTX Yên Mô,3
THPT  Thủ  Khoa Thừa,3
THPT Thành Đông,3
Trung tâm GDTX Đăk R’Lấp,3
THPT Bình Độ,3
THPT Bán công Mỏ Cày,3
THCS & THPT Khai Minh,3
PT ISCHOOL Long Xuyên,3
Năng khiêu thê dục thể thao,3
TT.GDTX&KTTH-HN; Cần Giuộc,3
Trung tâm GDTX Hạ Hoà,3
TC nghề  Đức Hòa,3
THPT Đại Việt,3
THPT Hướng Phùng,3
Trường THPT Minh Hoà,3
THPT DL Lê Hồng Phong,3
THPT Hướng Hóa,3
THPT Đạmri -Đạ Huoai,3
Song ngữ Quốc tế Horizon,3
TT GDTX-HN Phù Mỹ,3
THPT  Mai Thúc Loan,3
Trung tâm hướng nghiệp dạy nghề,3
THPT Phạm Hùng,3
THPT Bùi Hữu Nghĩa,3
THPT Gành Hào,3
TT.GDTX&KTTH-HN; Thạnh Hoá,3
TTGDTX-HN-DN Kỳ Anh,3
Cao đẳng Nghề Tây Ninh,3
THPT Sơn Mỹ,3
THPT Tùng Thiện,3
TTGDTX&DN; Lập Thạch,3
TTGDTX H. Hải Hậu,3
THPT Lê Công Nhân,3
THPT DL Hoàng Văn Thụ,3
THPT Lục ngạn 3,3
PT Cấp 2-3 Võ Nguyên Giáp,3
THPT Tầm Vu,3
THPT Lê Văn Linh,3
GDTX Hà Tây,3
tỉnh Gia Lai,3
TT.GDTX Nam Giang,3
THPT Yên Định 3,3
THPT Yên Lãng,3
TT GDTX Tứ Kỳ,3
THPT Đồng Văn,3
Trung tâm GDTX – HN Cẩm Khê,3
TTGDTX Huyện Phụng Hiệp,3
THCS-THPT Đức Trí,3
THPT Sìn Hồ,3
THPT Đà Bắc,3
THPT Đăk Glong,3
Trường THPT Âu Cơ,3
TT GDTX -HN N.H. Sơn+ BTĐH Kinh tế,3
THPT Nguyễn Bình Khiêm,3
TTGDTX Quận Gò Vấp,3
THPT Tân Lập,3
THPT Thanh Miện,3
THPT Trạm Tấu,3
THPT Lục Nam,3
TT GDTX-HN An Nhơn,3
THPT Vũ Duy Thanh,3
THPT Trương Hán Siêu,3
TT GDTX Bình Giang,3
Trường Phổ thông DTNT THPT huyện Điện Biên Đông,3
TTGDTX  HN Gò Công Tây,3
THPT Bán công Chợ Lách,3
THPT Đồng Quan,3
THCS-THPT Lạc Long Quân,3
THPTDL Cẩm Xuyên,3
THCS & THPT Song ngữ,3
THPT Lê Văn Hưu,3
THPT Thống Nhất A,3
THPT Bình Trung,3
TT GDTX-HN Cẩm Lệ,3
THPT Đông Tiền Hải,3
THPT U Minh,3
TTGDTX Côn Đảo,3
TTGDTX H. Đồng Hỷ,3
THPT Tô Hiến Thành,3
THPT Nguyễn Việt Khái,3
THPT Thạnh Đông,3
THPT Tam Phú,3
THPT Số 2 Đức Phổ,3
TTGDTX Hoa Lư,3
TT GDTX  Ninh Kiều,3
TTGDTX Quận Tân Bình,3
TC nghề  Đồng Tháp Mười,3
TT DN - HN - GDTX Đức Thọ,2
TT GDTX Khánh Vĩnh,2
Trung cấp Nghề Thới Lai,2
TTGDTX H. Võ Nhai,2
Trường THPT Phong Châu,2
THPT Trần Ân Chiêm,2
Trường THPT Bán Công Phù Ninh,2
TTGDTX Từ Liêm,2
TTGDTX Kim Động,2
THPT Sơn Động 2,2
THPT Tống Duy Tân,2
Trường THPT Tản Đà,2
TC nghề khu vực Nam Tây Ninh,2
TT GDTX Đà Lạt,2
THPT Ba Đình,2
THPT DL Triệu Sơn,2
THPT Nguyễn Hùng Hiệp,2
Trường THPT Lê Thánh Tông,2
TT GDTX Đà Bắc,2
THPT Phan Huy Chú-Thạch Thất,2
THPT Bán công Ba Tri,2
THPT Mang Thít,2
TTGGDTX Hướng Hóa,2
THPT Giáp Hải,2
THPT  Quyết Tiến,2
THPT Liễn Sơn,2
Trung tâm KTTH-HN Sông Hinh,2
THPT Mường Than,2
THPT Hoàng Cầu,2
THPT Phan Văn Bảy,2
PTDT Nội trú tỉnh Quảng Nam,2
THPT Dương Bạch Mai,2
THPT Próh -Đơn Dương,2
GDTX Thạch Thất,2
THPT Bình An,2
THPT  Quan Lạn,2
THPT Kỹ Thuật,2
THCS và THPT Việt Trung,2
"TH, THCS và THPT Trương Vĩnh Ký",2
TT. GDTX-HN Hội An,2
PT Hồng Đức,2
Trường Phổ thông DTNT THPT huyện Điện Biên,2
Trường THPT Bán Công Tam Nông,2
Trường Văn  hóa 2 Bộ Công An,2
THPT Lao Bảo,2
TT GDTX-HN Bắc Bình,2
THPT Lê Thánh Tông,2
THCS-THPT Hoa Lư,2
THPT Hiếu Tử,2
THPT Nguyễn Trãi-Thường Tín,2
THPT Bỉm Sơn,2
THPT Ngô Quyền-Đông Anh,2
Trường THPT Cẩm Khê,2
Trung tâm GDTX Minh Hóa,2
THPT Vĩnh Bảo,2
Trường THPT Bán Công Thanh Ba,2
THPT Đông Sơn 1,2
THPT Lộc Bắc – Bảo Lâm,2
THPT Chợ Đồn,2
THPT Khánh Lâm,2
PT năng khiếu TDTT Hà Nội,2
GDTX Đồng Văn,2
Trường THPT Tôn Đức Thắng,2
THPT Huyện Mường Nhé,2
THPT Văn Hiến,2
TTGDTX Bình Thủy,2
THPT Số 1 Nghĩa Hành,2
TTGDTX-HN Vũng Tàu,2
Trung Tâm GDTX Hòn Đất,2
Trường THPT Lê Lợi,2
THPT Xa La,2
Trung tâm GD&DN; Phước Long,2
THPT DTNT Đắk Tô,2
PT Nguyễn Trực,2
Trung tâm GDTX  Đức Cơ,2
PT có nhiều cấp học Quốc tế Kinh Bắc,2
GDTX Đình Xuyên,2
THPT Einstein,2
THPT Lê Thị Riêng,2
THPT Thành Phố,2
THPT Đông Nam Á,2
THPT Xuân Giang,2
THPT Lam Sơn,2
THPT A Duy Tiên,2
Trung tâm Kỹ thuật tổng hợp - Hướng nghiệp Lâm Hà,2
TTGDTX Quận 6,2
TT GDTX Ninh Giang,2
THPT Bến Tre,2
THPT Hiệp Hoà 2,2
TC nghề Cần Giuộc,2
THPT Lộc Thái,2
Trung tâm GDTX Chợ Lách,2
THPT Rạch Gầm-Xoài Mút,2
THPT Hòa Thuận,2
THPT Cồn Tiên,2
THPT  Nguyễn Bỉnh Khiêm,2
TT GDTX Lăk,2
Trung tâm GDTX huyện Phù Yên,2
THPT Mường Nhà,2
Trung tâm KTTH-HN  Sơn Hòa,2
TTGDTX  và hướng nghiệp tp. Thái Bình,2
TTGDTX Cam Lộ,2
THPT Phước Bửu,2
TT HN&GDTX; Bình Liêu,2
Trường THPT và THCS nội trú tỉnh Hà Tĩnh,2
THPT Nà Tấu,2
TTGDTX Yên Phong,2
TT DN&GDTX; Cát Hải,2
THPT TT Khai Trí,2
Trường THPT Anh Hùng Núp,2
THPT Huỳnh Thị Hưởng,2
TTGDTX Quận Tân Phú,2
TT DN&GDTX; Vĩnh Bảo,2
THPT Nguyễn Bá Ngọc,2
TT GDTX-HN Hoài Ân,2
THPT Hợp Thanh,2
TT GDTX-HN Hoài Nhơn,2
THPT Ứng Hoà B,2
TT. GDTX-HN  Đại Lộc,2
THPT Hoà Hội,2
THPT Tây Thụy Anh,2
THPT Quảng La,2
Trường THPT Tô Hiệu,2
THPT Số 2 Nghĩa Hành,2
TTGDTX Gò Dầu,2
THPT DTNT ĐăkGlei,2
TTGD nghề nghiệp Năm Căn,2
TTGDTX Gia Viễn,2
THPT DTNT Kon Rẫy,2
TTGDTX huỵện Đại Từ,2
Trường THPT Phạm Hồng Thái,2
TTGDTX- KTHN H. Dĩ An,2
GDTX Tây Hồ,2
THPT Phú Ngọc,2
TTGDTX Bắc Sơn,2
THPT Lạc Thuỷ B,2
THPT Bình Tân,2
THPT Nha Mân,2
THPT Thực nghiệm,2
THPT Ninh Giang,2
TTGDTX Trảng Bom,2
Trung tâm GDTX Việt Trì,2
THPT Thượng Cát,2
Trung tâm Kỹ thuật tổng hợp - Hướng nghiệp,2
THPT Tả Sìn Thàng,2
THPT Hiếu Nhơn,2
THPT B Nghĩa Hưng,2
THPT Kinh Môn,2
TT GDTX Ea Kar,2
THPT Dân lập Nguyễn Huệ,2
THPT Hồ Tùng Mậu,2
THPT Hải á,2
THPT Nguyễn Du-Mê Linh,2
THPT  Lê Thanh Hiền,2
Trung tâm GDTX huyện Mường La,2
TT. GDTX-HN  Quế Sơn,2
THPT số 3 Mường Khương,2
TT GDTX-HN Tuy Phước,2
THPT Yên Dũng 1,2
TT DN - HN - GDTX Cẩm Xuyên(Trên,2
THPT Dân tộc Nội trú Ka Lăng,2
THPT Bộc Bố,2
THPT bán công Lục Ngạn,2
Trường THPT Co Mạ,2
THPT Ngôi Sao,2
THPT Nguyễn Xuân Nguyên,2
THPT Trùng Khánh,2
Trung tâm GDTX  Krông Pa,2
THCS-THPT Thái Bình,2
THPT BC Nguyễn Công Phương,2
THPT Bán công Giồng Trôm,2
TT GDTX Tân Phú,2
"TH,THCS và THPT Quốc tế á Châu",2
Trường THPT Lương Thế Vinh,2
TTGDTX  HN Châu Thành,2
THCS -THPT Trần Nhân Tông,2
THPT Phúc Thọ,2
THPT Lương Tài 3,2
THPT Lê Quỹ Đôn,2
TTGDTX-HN Đất Đỏ,2
THPT DL  Lê Thánh Tôn,2
THPT Bắc Đuống,2
THPT Lê Văn Thịnh,2
THPT Lai Uyên,2
THPT U Minh Thượng,1
THPT Yên Thế,1
THPT Bình Lư,1
Trung tâm GDTX huyện Giồng Trôm,1
TTGDTX TP. Cà Mau,1
THPT Viên An,1
THPT Văn Quán,1
THPT BC Lê Lợi,1
THPT Việt Vinh,1
Trường TC Kinh tế - Công nghệ Cai Lậy,1
THPT Giá Rai,1
THPT Vĩnh Hoà Hưng Bắc,1
TT GDTX-HNDN  Huyện Trạm Tấu,1
THPT Quảng Xương 3,1
Trường APC Diamond Bay,1
Trường THPT Bán Công Phong Châu,1
THPT Trần Khát Chân,1
THPT DL Bùi Thị Xuân,1
THCS&THPT; Mỹ Bình,1
Trung tâm Giáo dục thường xuyên Thanh Oai,1
THPT  Yên Khánh C,1
TTGDTX Phù Cừ,1
THPT Phú Thái,1
TT GDTX Bình Long,1
Trung tâm GD&DN; Hồng Dân,1
THPT Phạm Kiệt,1
THPT Cù Chính Lan,1
THPT Vĩnh Xuân,1
THPT Dân lập Giồng Trôm,1
THPT Trị An,1
THPT Hàm Tân,1
THPT Điểu Cải,1
THPT Trần Văn Bảy,1
THPT Chuyên Bạc Liêu,1
Trung tâm GDTX huyện Hưng Hà,1
Trung tâm GDTX – HN Tân Sơn,1
THPT Bản Ngà,1
THPT Lương Khánh Thiện,1
THPT Gia Viễn-Cát Tiên,1
THPT  Tự Lập,1
THPT Khánh Hưng,1
THPT Quốc tế APU,1
THPT Dân lập Hiệp Hoà 1,1
THPT Ninh Thạnh Lợi,1
THPT Vĩnh Trạch,1
THPT Hoàng Su Phì,1
TT GDTX-HNDN  Huyện Văn Chấn,1
THPT Chà Cang,1
THPT Thạch Tây,1
THPT Thạch An,1
TTGD nghề nghiệp Đầm Dơi,1
THTH Sài Gòn,1
TT GDTX Văn Lãng,1
THPT Mỹ Thuận,1
THPT Pò Tấu,1
Trường Quốc tế Châu Á - Thái Bình Dương,1
Trung tâm KTTH-HN Nghĩa Hành,1
THPT Phúc Thành,1
TTGDTX Tương Dương,1
THPT Thanh Bình Cà Mau,1
THPT  Mường Bi,1
THPT -DL  Lê Thánh Tôn,1
THPT Đại Cường,1
THCS-THPT Lê Lợi,1
THPT Phước Bình,1
Trường THPT Bắc Yên,1
THPT Nguyễn Công Trữ,1
THPT Giao Thuỷ C,1
"TH, THCS và THPT úc Châu",1
Trung tâm GDTX thị xã Phú Thọ,1
TT GDTX Thuận Thành,1
TTGDTX&DN; Tam Đảo,1
THPT Quốc Tuấn,1
Trung Tâm GDTX Châu Thành,1
THPT Minh Đức,1
TTGDTX Khoái Châu,1
TTHN-GDTX  Vân Đồn,1
PTDT Nội trú tỉnh,1
THCS và THPT Hồng Đức,1
THPT Hoằng Hoá 3,1
THPT Cầm Bá Thước,1
THPT Tô Hiệu-Thường Tín,1
TT GDTX Chơn Thành,1
TT GDTX Krông Pắk,1
Trường Quốc Tế Hoàn Cầu Nha Trang,1
THPT Quảng Khê,1
TT GDTX L. Khánh,1
THPT Chưởng Binh Lễ,1
THPT Hà Quảng,1
THPT Phú Lâm,1
THPT Việt Yên 2,1
THCS-THPT Trí Đức,1
THPT Võ Thị Sáu(C Đảo),1
TT GDTX  Cam Lâm,1
THCS-THPT Xí Mần,1
Năng Khiếu Thể dục thể thao,1
THPT Trần Can,1
THCS-THPT Ngọc Lâm,1
Trường Phổ thông Thực hành Sư phạm,1
THPT Hắc Dịch,1
THPT  Phạm Phú Thứ,1
TTKTTH - HN tỉnh,1
TTGDTX Yên Mỹ,1
THPT Văn Chấn,1
TT.KTTH-HN Long An,1
THPT ĐOÀN THỊ ĐIỂM,1
TRUNG TÂM GDTX AN MINH,1
TT GDTX Krông Năng,1
THPT Phúc Lợi,1
THPT Tây Giang,1
THPT D. lập Trần Hưng Đạo,1
THPT Xuân Trường A,1
TTGDTX- KTHN H. Bến Cát,1
TT GDTX Thành phố Cao Bằng,1
TTGD nghề nghiệp Thới Bình,1
THPT Dân lập Thanh Liêm,1
Trường Phổ thông DTNT THPT huyện Mường Nhé,1
THPT Tinh Túc,1
THPT Xuân Trường,1
THPT Cao Bá Quát-Quốc Oai,1
TH-THCS và THPT Quốc Văn Sài Gòn,1
TT GDTX tỉnh,1
TT. GDTX tỉnh Quảng Nam,1
Trung tâm GDTX Chư Păh,1
Trung tâm GDTX huyện Tam Đường,1
Trường THCS & THPT Phạm Kiệt,1
Trường THPT Nguyễn Trãi,1
TTGDTX huyện Long Hồ,1
THPT Hiệp Hoà 4,1
Trường Phổ thông  Bình Long,1
THPT Triệu Sơn 6,1
Tiểu học-THCS-THPT Trần Hưng Đạo,1
THPT Lê Trung Đình,1
THPT Thuận Thành 3,1
TT KT-TH Ân Thi,1
TC nghề kinh tế - KT Công Đoàn Ninh Bình,1
Trung tâm GDTX Quảng Ninh,1
THPT Cái Tắc,1
Trường THPT Trần Quốc Tuấn,1
TTGD TX Thanh Miện,1
THPT Thái Thuận,1
Trường THCS&THPT; Trần Văn Lắm,1
Trường TC Nghề Cà Mau,1
THPT Trung Đồng,1
TTKTTH - HN Vĩnh Linh,1
Tr. CĐ nghề Ninh Thuận,1
THPT Kế Sách,1
THPT Cộng Hiền,1
TC nghề Mỹ thuật Thanh Bình,1
THPT Mường Luân,1
TT GDTX Quảng Uyên,1
Trung tâm GDTX huyện Yên Châu,1
Trung Tâm GDTX Giồng Riềng,1
THPT Bắc Hà,1
THPT An Hải,1
THPT Lý Văn Lâm,1
THPT Mậu Duệ,1
THPT Bạc Liêu,1
Trung tâm GDTX huyện Mai Sơn,1
TT KT-TH Khoái Châu,1
THPT Hoà Tú,1
THPT Lam Hồng,1
THCS-THPT Hà Thành,1
TTGDTX Huyện Long Mỹ,1
THPT Hồng Hà,1
Trường Tư thục Trung Tiểu học PETRUS -KY,1
THCS-THPT Đăng Khoa,1
THPT BC Nguyễn Bỉnh Khiêm,1
Trung tâm Giáo dục thường xuyên Phúc Thọ,1
THPT Năng khiếu Đại học Tân Tạo,1
THPT Triệu Sơn 1,1
THPT Xuân Mai,1
TT GDTX -HNDN H. Mù Cang Chải,1
THPT Lưu Hoàng,1
THPT Xuyên Mộc,1
THPT Nguyễn Thị Lợi,1
THPT BC Phan Huy Chú,1
THPT Thông Huề,1
THPT Trực Ninh,1
THPT Bách Việt,1
Trường THPT Mường Lầm,1
THPT Bưng Riềng,1
THPT Trần Tất Văn,1
THPT Tư Thục Nông Cống,1
THPT Phương Nam,1
Trung tâm GDTX An Khê,1
THPT Bình Thạnh Đông,1
THPT Định An,1
TH-THCS-THPT Lê Quý Đôn-Tân Phú,1
TT GDTX Ea Súp,1
TT GDTX Hải Phòng,1
Trường TC Bách Khoa Gò Công,1
THPT Mỏ Trạng,1
Trung tâm GD&DN; Đông Hải,1
TT GDTX-HN Vân Canh,1
THPT Nguyễn Văn Nguyễn,1
TT GDTX Krông Ana,1
THPT Lục Ngạn 1,1
THPT quốc tế Khai Sáng,1
Trường THPT Chiềng Sơn,1
THPT Yên Định 2,1
Trường THPT Tân Lập,1
TT GDTX Buôn Hồ,1
TT GDTX Kim Thành,1
Trung tâm Giáo dục thường xuyên,1
TT Ngoại ngữ -Tin học BG,1
GDTX Hoàng Mai,1
Trung tâm Kỹ thuật tổng hợp - Hướng nghiệp Đạ Tẻh,1
Trung tâm Giáo dục thường xuyên Sơn Tây,1
THPT Yên Thuỷ A,1
GDTX Hai Bà Trưng,1
Trung tâm GDTX huyện Tủa Chùa,1
Trung tâm GDTX huyện Sốp Cộp,1
THCS-THPT Nguyễn Bỉnh Khiêm,1
THPT Mường Tè,1
THPT Bán công Thạnh Phú,1
TT GDTX Phước Long,1
THPT Olympia,1
Trường THPT Thuận Châu,1
TTGDTX Hạ Lang,1
THPT Cửa Tùng,1
THPT Lê Thị Pha -Bảo Lộc,1
THPT Tắc Vân,1
TTGDTX-DN-GTVL Xuyên Mộc,1
THPT Hoà Lạc,1
TC Bách Khoa Sài Gòn,1
Trung tâm GDTX huyện Tuần Giáo,1
Trường THPT Phù Ninh,1
TTGD nghề nghiệp Phú Tân,1
TTGDTX H. Phú Bình,1
TTGDTX Mỹ Hào,1
Trung tâm KTTH-HN thị xã Phú Thọ,1
TC KT-KT Long An,1
TC Nghề Bảo Lộc,1
CĐ Văn hoá Nghệ thuật Việt Bắc,1
THPT Minh Thuận,1
THPT Lạng Giang 2,1
TTGDTX Cư Kuin,1
THPT C Duy Tiên,1
THPT Tiên Du 1,1
THPT Đông Thụy Anh,1
TT BT Người tàn tật TP,1
THPT Trần Phú-Ba Vì,1
THPT Tân Dân,1
Trường Phổ thông Quốc tế GIS,1
THPT  Kim Ngọc,1
THPT DL Đặng Thai Mai,1
DTNT H. Lục Ngạn,1
THPT Phú Quới,1
TT GDTX Tỉnh Hà Nam,1
THPT C Nghĩa Hưng,1
PT DTNT GIỒNG RIỀNG,1
TT GDTX Cam Ranh,1
THPT Tiên Lữ,1
TTGDTX huyện Vũng Liêm,1
THPT Tư thục Nguyễn Bỉnh Khiêm,1
THPT Số 1 Sơn Tịnh,1
THPT Nam thái Sơn,1
THPT Dân lập Hồ Tùng Mậu,1
THPT  Đức Trí,1
THPT Mong Thọ,1
THPT DT Nội Trú,1
TT GDTX Lương Sơn,1
TTGDTX Xuân Trường,1
THCS & THPT Âu Lạc,1
THPT Bá Thiên,1
TTGDTX H. Hiệp Hoà,1
TTGDTX  HN Gò Công Đông,1
THPT Định Thành,1
Trung tâm GDTX Ba Tri,1
TTGDTX Thới Lai,1
Trường THPT DTNT Đông Gia Lai,1
Trường THPT Nguyễn Du,1
Trung tâm GDTX An Biên,1
THPT VĨnh Thắng,1
THCS Nguyễn Du -Đà Lạt,1
GDTX Ứng Hoà,1
Trường Phổ thông DTNT THPT huyện Mường Chà,1
THPT Long Thạch,1
PT cấp 2-3 Nguyễn Khuyến,1
THCS và THPT Nà Chì,1
THPT DL Chu Văn An,1
TTGDTX Kim Sơn,1
TT GDTX-HN La Gi,1
THPT Lý Tử Tấn,1
TTHNGDTX tỉnh,1
TT.GDTX&KTTH-HN; Tân Hưng,1
TT Dạy nghề và GDTX Bảo Yên,1
GDTX Đông Mỹ,1
THPT DL Trần Quang Khải,1
THPT Quốc Oai,1
Trường THPT Bán Công Đoan Hùng,1
THPT Búng Lao,1
THPT Dân lập Nguyên Hồng,1
Chi đoàn TTGDTX Cái Răng,1
Trung tâm KTTH-HN Tuy An,1
THPT DL Hữu Nghị,1
TT GDTX Long Thành,1
GDTX Thường Tín,1
Trường THPT Nguyễn Khuyến,1
THPT An Lạc Thôn,1
Trung tâm GDTX Quảng Trạch,1
TTGDTX& DN Bình Xuyên,1
THPT DLập Lương Thế Vinh,1
Chi đoàn TTGDTX Phong Điền,1
TTGDTX Xuân Lộc,1
THPT Hà Nội  Academy,1
TT Kỹ thuật TH- HN Bắc Kạn,1
THPT Đinh Tiên Hoàng - Mỹ Đức,1
THPT Dân lập Tân Yên,1
TT GDTX Lộc Ninh,1
THPT Mỹ Đức B,1
THPT Thái Hưng,1
THPT Tư thục Thanh Hồ,1
THPT 25/10,1
THPT A Nghĩa Hưng,1
THPT Nguyễn Hoàng,1
THPT Tiền Phong,1
GDTX Hoàng Su Phì,1
TTKTTH-HN NĐ,1
THPT Kiệm Tân,1
TTGDTX Vĩnh Linh,1
THPT Ea Sup,1
Trung Tâm GDTX TX Hà Tiên,1
TTGD nghề nghiệp Trần Văn Thời,1
THPT Quỳnh Thọ,1
THPT Phan Văn Hòa,1
THPT Nguyên Bình,1
Trung tâm GDTX Chư Sê,1
Trường PTDT Nội trú tỉnh Sơn La,1
THPT Hồ Thị Nhâm,1
THPT Thành Nhân,1
THPT Mỹ Phước,1
THPT Thái Phúc,1
TT. GDTX-HN Thăng Bình,1
TC nghề Nho Quan,1
THPT Mai Sơn,1
TT GDTX Định Quán,1
THPT Vĩnh Viễn,1
THPT Trà ôn,1
Phân hiệu THPT Lương Thế Vinh,1
THPT Bán công Bắc Quảng Thạch,1
Trung tâm KTTH-HN tỉnh,1
THPT Dân lập Lương Thế Vinh,1
